-- phpMyAdmin SQL Dump
-- version 5.2.1
-- https://www.phpmyadmin.net/
--
-- Host: 127.0.0.1
-- Generation Time: Jun 03, 2024 at 08:34 PM
-- Server version: 10.4.32-MariaDB
-- PHP Version: 8.2.12

SET SQL_MODE = "NO_AUTO_VALUE_ON_ZERO";
START TRANSACTION;
SET time_zone = "+00:00";


/*!40101 SET @OLD_CHARACTER_SET_CLIENT=@@CHARACTER_SET_CLIENT */;
/*!40101 SET @OLD_CHARACTER_SET_RESULTS=@@CHARACTER_SET_RESULTS */;
/*!40101 SET @OLD_COLLATION_CONNECTION=@@COLLATION_CONNECTION */;
/*!40101 SET NAMES utf8mb4 */;

--
-- Database: `subik`
--

-- --------------------------------------------------------

--
-- Table structure for table `cache`
--

CREATE TABLE `cache` (
  `key` varchar(255) NOT NULL,
  `value` mediumtext NOT NULL,
  `expiration` int(11) NOT NULL
) ENGINE=InnoDB DEFAULT CHARSET=utf8mb4 COLLATE=utf8mb4_unicode_ci;

-- --------------------------------------------------------

--
-- Table structure for table `cache_locks`
--

CREATE TABLE `cache_locks` (
  `key` varchar(255) NOT NULL,
  `owner` varchar(255) NOT NULL,
  `expiration` int(11) NOT NULL
) ENGINE=InnoDB DEFAULT CHARSET=utf8mb4 COLLATE=utf8mb4_unicode_ci;

-- --------------------------------------------------------

--
-- Table structure for table `category`
--

CREATE TABLE `category` (
  `id_category` int(11) NOT NULL,
  `name` varchar(255) NOT NULL
) ENGINE=InnoDB DEFAULT CHARSET=utf8 COLLATE=utf8_general_ci;

--
-- Dumping data for table `category`
--

INSERT INTO `category` (`id_category`, `name`) VALUES
(1, 'Phones'),
(2, 'Smart Watches'),
(3, 'Tablets'),
(4, 'Notebooks'),
(5, 'PC\'s'),
(6, 'Gaming'),
(7, 'Keyboards'),
(8, 'Headphones'),
(9, 'Printers'),
(10, 'Handhelds'),
(11, 'Accesories'),
(12, 'TV\'s');

-- --------------------------------------------------------

--
-- Table structure for table `country`
--

CREATE TABLE `country` (
  `id_country` int(11) NOT NULL,
  `name` varchar(255) NOT NULL,
  `abbrevation` varchar(2) NOT NULL
) ENGINE=InnoDB DEFAULT CHARSET=utf8 COLLATE=utf8_general_ci;

--
-- Dumping data for table `country`
--

INSERT INTO `country` (`id_country`, `name`, `abbrevation`) VALUES
(1, 'name', 'ab'),
(2, 'Chile', 'CL'),
(3, 'Ukraine', 'UA'),
(4, 'Indonesia', 'ID'),
(5, 'Panama', 'PA'),
(6, 'Venezuela', 'VE'),
(7, 'Peru', 'PE'),
(8, 'China', 'CN'),
(9, 'Malta', 'MT'),
(10, 'Russia', 'RU'),
(11, 'China', 'CN'),
(12, 'Philippines', 'PH'),
(13, 'Thailand', 'TH'),
(14, 'Colombia', 'CO'),
(15, 'Thailand', 'TH'),
(16, 'Poland', 'PL'),
(17, 'Russia', 'RU'),
(18, 'Russia', 'RU'),
(19, 'Portugal', 'PT'),
(20, 'Kosovo', 'XK'),
(21, 'Indonesia', 'ID'),
(22, 'France', 'FR'),
(23, 'Ukraine', 'UA'),
(24, 'Kyrgyzstan', 'KG'),
(25, 'Indonesia', 'ID'),
(26, 'China', 'CN'),
(27, 'Angola', 'AO'),
(28, 'China', 'CN'),
(29, 'Vietnam', 'VN'),
(30, 'China', 'CN'),
(31, 'China', 'CN'),
(32, 'Portugal', 'PT'),
(33, 'Libya', 'LY'),
(34, 'Indonesia', 'ID'),
(35, 'Peru', 'PE'),
(36, 'Canada', 'CA'),
(37, 'China', 'CN'),
(38, 'China', 'CN'),
(39, 'Philippines', 'PH'),
(40, 'New Caledonia', 'NC'),
(41, 'Brazil', 'BR'),
(42, 'Russia', 'RU'),
(43, 'United States', 'US'),
(44, 'Tanzania', 'TZ'),
(45, 'Peru', 'PE'),
(46, 'Indonesia', 'ID'),
(47, 'Canada', 'CA'),
(48, 'Colombia', 'CO'),
(49, 'Philippines', 'PH'),
(50, 'Russia', 'RU'),
(51, 'Indonesia', 'ID'),
(52, 'Russia', 'RU'),
(53, 'Colombia', 'CO'),
(54, 'Indonesia', 'ID'),
(55, 'China', 'CN'),
(56, 'China', 'CN'),
(57, 'China', 'CN'),
(58, 'Ireland', 'IE'),
(59, 'Sri Lanka', 'LK'),
(60, 'China', 'CN'),
(61, 'Russia', 'RU'),
(62, 'Indonesia', 'ID'),
(63, 'Poland', 'PL'),
(64, 'Sweden', 'SE'),
(65, 'China', 'CN'),
(66, 'Philippines', 'PH'),
(67, 'Canada', 'CA'),
(68, 'China', 'CN'),
(69, 'Indonesia', 'ID'),
(70, 'Liberia', 'LR'),
(71, 'Finland', 'FI'),
(72, 'Thailand', 'TH'),
(73, 'Indonesia', 'ID'),
(74, 'China', 'CN'),
(75, 'Brazil', 'BR'),
(76, 'Nigeria', 'NG'),
(77, 'Philippines', 'PH'),
(78, 'Moldova', 'MD'),
(79, 'China', 'CN'),
(80, 'Netherlands', 'NL'),
(81, 'Portugal', 'PT'),
(82, 'Indonesia', 'ID'),
(83, 'France', 'FR'),
(84, 'Ukraine', 'UA'),
(85, 'Russia', 'RU'),
(86, 'Indonesia', 'ID'),
(87, 'Indonesia', 'ID'),
(88, 'Greece', 'GR'),
(89, 'Poland', 'PL'),
(90, 'Portugal', 'PT'),
(91, 'France', 'FR'),
(92, 'Democratic Republic of the Congo', 'CD'),
(93, 'Mexico', 'MX'),
(94, 'Japan', 'JP'),
(95, 'Russia', 'RU'),
(96, 'Japan', 'JP'),
(97, 'Brazil', 'BR'),
(98, 'Indonesia', 'ID'),
(99, 'Peru', 'PE'),
(100, 'Indonesia', 'ID'),
(101, 'China', 'CN'),
(102, 'China', 'CN'),
(103, 'China', 'CN'),
(104, 'United States', 'US'),
(105, 'Ukraine', 'UA'),
(106, 'Paraguay', 'PY'),
(107, 'France', 'FR'),
(108, 'Czech Republic', 'CZ'),
(109, 'Yemen', 'YE'),
(110, 'Thailand', 'TH'),
(111, 'Canada', 'CA'),
(112, 'Russia', 'RU'),
(113, 'Poland', 'PL'),
(114, 'United States', 'US'),
(115, 'Kenya', 'KE'),
(116, 'Norway', 'NO'),
(117, 'Peru', 'PE'),
(118, 'Pakistan', 'PK'),
(119, 'Canada', 'CA'),
(120, 'China', 'CN'),
(121, 'Indonesia', 'ID'),
(122, 'Indonesia', 'ID'),
(123, 'United States', 'US'),
(124, 'Nicaragua', 'NI'),
(125, 'Argentina', 'AR'),
(126, 'Brazil', 'BR'),
(127, 'Mongolia', 'MN'),
(128, 'Japan', 'JP'),
(129, 'Brazil', 'BR'),
(130, 'Chile', 'CL'),
(131, 'China', 'CN'),
(132, 'Ireland', 'IE'),
(133, 'China', 'CN'),
(134, 'Dominican Republic', 'DO'),
(135, 'Madagascar', 'MG'),
(136, 'Democratic Republic of the Congo', 'CD'),
(137, 'Indonesia', 'ID'),
(138, 'South Korea', 'KR'),
(139, 'Indonesia', 'ID'),
(140, 'Indonesia', 'ID'),
(141, 'Bolivia', 'BO'),
(142, 'Canada', 'CA'),
(143, 'Iran', 'IR'),
(144, 'Colombia', 'CO'),
(145, 'China', 'CN'),
(146, 'Sweden', 'SE'),
(147, 'South Africa', 'ZA'),
(148, 'Philippines', 'PH'),
(149, 'Brazil', 'BR'),
(150, 'China', 'CN'),
(151, 'United Kingdom', 'GB'),
(152, 'Haiti', 'HT'),
(153, 'Russia', 'RU'),
(154, 'Russia', 'RU'),
(155, 'Tunisia', 'TN'),
(156, 'Armenia', 'AM'),
(157, 'Netherlands', 'NL'),
(158, 'Bangladesh', 'BD'),
(159, 'United States', 'US'),
(160, 'Haiti', 'HT'),
(161, 'Ireland', 'IE'),
(162, 'China', 'CN'),
(163, 'China', 'CN'),
(164, 'Yemen', 'YE'),
(165, 'China', 'CN'),
(166, 'Indonesia', 'ID'),
(167, 'China', 'CN'),
(168, 'Ukraine', 'UA'),
(169, 'France', 'FR'),
(170, 'Venezuela', 'VE'),
(171, 'Denmark', 'DK'),
(172, 'Philippines', 'PH'),
(173, 'Sweden', 'SE'),
(174, 'Moldova', 'MD'),
(175, 'China', 'CN'),
(176, 'Macedonia', 'MK'),
(177, 'Russia', 'RU'),
(178, 'Indonesia', 'ID'),
(179, 'South Africa', 'ZA'),
(180, 'Philippines', 'PH'),
(181, 'Poland', 'PL'),
(182, 'Czech Republic', 'CZ'),
(183, 'China', 'CN'),
(184, 'Indonesia', 'ID'),
(185, 'Argentina', 'AR'),
(186, 'France', 'FR'),
(187, 'Russia', 'RU'),
(188, 'Portugal', 'PT'),
(189, 'United States', 'US'),
(190, 'Vietnam', 'VN'),
(191, 'Russia', 'RU'),
(192, 'China', 'CN'),
(193, 'Kazakhstan', 'KZ'),
(194, 'Hungary', 'HU'),
(195, 'Russia', 'RU'),
(196, 'Poland', 'PL'),
(197, 'Indonesia', 'ID'),
(198, 'Tajikistan', 'TJ'),
(199, 'Thailand', 'TH'),
(200, 'Qatar', 'QA'),
(201, 'Morocco', 'MA'),
(202, 'South Korea', 'KR'),
(203, 'Israel', 'IL'),
(204, 'Indonesia', 'ID'),
(205, 'Philippines', 'PH'),
(206, 'Indonesia', 'ID'),
(207, 'China', 'CN'),
(208, 'Somalia', 'SO'),
(209, 'Serbia', 'RS'),
(210, 'Yemen', 'YE'),
(211, 'Brazil', 'BR'),
(212, 'Indonesia', 'ID'),
(213, 'Croatia', 'HR'),
(214, 'Bahamas', 'BS'),
(215, 'Serbia', 'RS'),
(216, 'Philippines', 'PH'),
(217, 'Russia', 'RU'),
(218, 'Finland', 'FI'),
(219, 'Ukraine', 'UA'),
(220, 'Portugal', 'PT'),
(221, 'Mongolia', 'MN'),
(222, 'China', 'CN'),
(223, 'Guadeloupe', 'GP'),
(224, 'China', 'CN'),
(225, 'China', 'CN'),
(226, 'Russia', 'RU'),
(227, 'China', 'CN'),
(228, 'Sweden', 'SE'),
(229, 'Portugal', 'PT'),
(230, 'Indonesia', 'ID'),
(231, 'Dominican Republic', 'DO'),
(232, 'Tajikistan', 'TJ'),
(233, 'Serbia', 'RS'),
(234, 'Indonesia', 'ID'),
(235, 'China', 'CN'),
(236, 'Philippines', 'PH'),
(237, 'Latvia', 'LV'),
(238, 'China', 'CN'),
(239, 'Peru', 'PE'),
(240, 'Sweden', 'SE'),
(241, 'China', 'CN'),
(242, 'China', 'CN'),
(243, 'Russia', 'RU'),
(244, 'Russia', 'RU'),
(245, 'Philippines', 'PH'),
(246, 'Armenia', 'AM'),
(247, 'Philippines', 'PH'),
(248, 'China', 'CN'),
(249, 'France', 'FR'),
(250, 'Ireland', 'IE'),
(251, 'China', 'CN'),
(252, 'Colombia', 'CO'),
(253, 'Poland', 'PL'),
(254, 'Poland', 'PL'),
(255, 'Russia', 'RU'),
(256, 'Poland', 'PL'),
(257, 'Japan', 'JP'),
(258, 'Indonesia', 'ID'),
(259, 'Germany', 'DE'),
(260, 'China', 'CN'),
(261, 'Indonesia', 'ID'),
(262, 'Colombia', 'CO'),
(263, 'Russia', 'RU'),
(264, 'Russia', 'RU'),
(265, 'China', 'CN'),
(266, 'Armenia', 'AM'),
(267, 'Mexico', 'MX'),
(268, 'China', 'CN'),
(269, 'Indonesia', 'ID'),
(270, 'United States', 'US'),
(271, 'Israel', 'IL'),
(272, 'China', 'CN'),
(273, 'Cuba', 'CU'),
(274, 'Honduras', 'HN'),
(275, 'Denmark', 'DK'),
(276, 'Vietnam', 'VN'),
(277, 'China', 'CN'),
(278, 'Pakistan', 'PK'),
(279, 'Colombia', 'CO'),
(280, 'Argentina', 'AR'),
(281, 'Serbia', 'RS'),
(282, 'Colombia', 'CO'),
(283, 'China', 'CN'),
(284, 'China', 'CN'),
(285, 'Thailand', 'TH'),
(286, 'China', 'CN'),
(287, 'Mexico', 'MX'),
(288, 'China', 'CN'),
(289, 'United States', 'US'),
(290, 'Indonesia', 'ID'),
(291, 'Indonesia', 'ID'),
(292, 'Brazil', 'BR'),
(293, 'Netherlands', 'NL'),
(294, 'China', 'CN'),
(295, 'Greece', 'GR'),
(296, 'United States', 'US'),
(297, 'Portugal', 'PT'),
(298, 'Indonesia', 'ID'),
(299, 'China', 'CN'),
(300, 'Indonesia', 'ID'),
(301, 'Poland', 'PL'),
(302, 'Peru', 'PE'),
(303, 'Philippines', 'PH'),
(304, 'Indonesia', 'ID'),
(305, 'South Korea', 'KR'),
(306, 'Sweden', 'SE'),
(307, 'Russia', 'RU'),
(308, 'China', 'CN'),
(309, 'Indonesia', 'ID'),
(310, 'China', 'CN'),
(311, 'Ukraine', 'UA'),
(312, 'Poland', 'PL'),
(313, 'Indonesia', 'ID'),
(314, 'China', 'CN'),
(315, 'Cuba', 'CU'),
(316, 'China', 'CN'),
(317, 'China', 'CN'),
(318, 'Czech Republic', 'CZ'),
(319, 'China', 'CN'),
(320, 'Russia', 'RU'),
(321, 'Philippines', 'PH'),
(322, 'Indonesia', 'ID'),
(323, 'Kenya', 'KE'),
(324, 'Poland', 'PL'),
(325, 'China', 'CN'),
(326, 'Dominican Republic', 'DO'),
(327, 'Indonesia', 'ID'),
(328, 'Venezuela', 'VE'),
(329, 'France', 'FR'),
(330, 'Afghanistan', 'AF'),
(331, 'Philippines', 'PH'),
(332, 'Indonesia', 'ID'),
(333, 'China', 'CN'),
(334, 'China', 'CN'),
(335, 'Philippines', 'PH'),
(336, 'China', 'CN'),
(337, 'North Korea', 'KP'),
(338, 'China', 'CN'),
(339, 'Canada', 'CA'),
(340, 'Philippines', 'PH'),
(341, 'Italy', 'IT'),
(342, 'Haiti', 'HT'),
(343, 'China', 'CN'),
(344, 'Bosnia and Herzegovina', 'BA'),
(345, 'Argentina', 'AR'),
(346, 'Philippines', 'PH'),
(347, 'China', 'CN'),
(348, 'France', 'FR'),
(349, 'France', 'FR'),
(350, 'China', 'CN'),
(351, 'China', 'CN'),
(352, 'Macedonia', 'MK'),
(353, 'Argentina', 'AR'),
(354, 'Paraguay', 'PY'),
(355, 'Portugal', 'PT'),
(356, 'China', 'CN'),
(357, 'Portugal', 'PT'),
(358, 'China', 'CN'),
(359, 'China', 'CN'),
(360, 'Yemen', 'YE'),
(361, 'Japan', 'JP'),
(362, 'China', 'CN'),
(363, 'Tajikistan', 'TJ'),
(364, 'Colombia', 'CO'),
(365, 'United States', 'US'),
(366, 'Peru', 'PE'),
(367, 'Indonesia', 'ID'),
(368, 'China', 'CN'),
(369, 'Haiti', 'HT'),
(370, 'Russia', 'RU'),
(371, 'Slovenia', 'SI'),
(372, 'Canada', 'CA'),
(373, 'France', 'FR'),
(374, 'Brazil', 'BR'),
(375, 'France', 'FR'),
(376, 'China', 'CN'),
(377, 'Ivory Coast', 'CI'),
(378, 'Portugal', 'PT'),
(379, 'Japan', 'JP'),
(380, 'Russia', 'RU'),
(381, 'China', 'CN'),
(382, 'Indonesia', 'ID'),
(383, 'Philippines', 'PH'),
(384, 'China', 'CN'),
(385, 'Philippines', 'PH'),
(386, 'China', 'CN'),
(387, 'France', 'FR'),
(388, 'United Kingdom', 'GB'),
(389, 'Russia', 'RU'),
(390, 'South Korea', 'KR'),
(391, 'China', 'CN'),
(392, 'Indonesia', 'ID'),
(393, 'Russia', 'RU'),
(394, 'Philippines', 'PH'),
(395, 'Denmark', 'DK'),
(396, 'Russia', 'RU'),
(397, 'China', 'CN'),
(398, 'China', 'CN'),
(399, 'Taiwan', 'TW'),
(400, 'Indonesia', 'ID'),
(401, 'Nigeria', 'NG'),
(402, 'Canada', 'CA'),
(403, 'Finland', 'FI'),
(404, 'Russia', 'RU'),
(405, 'Laos', 'LA'),
(406, 'Brazil', 'BR'),
(407, 'Greece', 'GR'),
(408, 'Indonesia', 'ID'),
(409, 'Canada', 'CA'),
(410, 'Poland', 'PL'),
(411, 'Syria', 'SY'),
(412, 'Poland', 'PL'),
(413, 'Indonesia', 'ID'),
(414, 'Tunisia', 'TN'),
(415, 'Russia', 'RU'),
(416, 'China', 'CN'),
(417, 'Vanuatu', 'VU'),
(418, 'Canada', 'CA'),
(419, 'Slovenia', 'SI'),
(420, 'Russia', 'RU'),
(421, 'Poland', 'PL'),
(422, 'Russia', 'RU'),
(423, 'United States', 'US'),
(424, 'China', 'CN'),
(425, 'Macedonia', 'MK'),
(426, 'Russia', 'RU'),
(427, 'Indonesia', 'ID'),
(428, 'Cuba', 'CU'),
(429, 'Colombia', 'CO'),
(430, 'Portugal', 'PT'),
(431, 'Ivory Coast', 'CI'),
(432, 'China', 'CN'),
(433, 'France', 'FR'),
(434, 'China', 'CN'),
(435, 'Russia', 'RU'),
(436, 'Armenia', 'AM'),
(437, 'Netherlands', 'NL'),
(438, 'Indonesia', 'ID'),
(439, 'Philippines', 'PH'),
(440, 'Russia', 'RU'),
(441, 'Indonesia', 'ID'),
(442, 'Martinique', 'MQ'),
(443, 'Uzbekistan', 'UZ'),
(444, 'Canada', 'CA'),
(445, 'China', 'CN'),
(446, 'Denmark', 'DK'),
(447, 'Iraq', 'IQ'),
(448, 'China', 'CN'),
(449, 'Japan', 'JP'),
(450, 'Portugal', 'PT'),
(451, 'Poland', 'PL'),
(452, 'Poland', 'PL'),
(453, 'Poland', 'PL'),
(454, 'Portugal', 'PT'),
(455, 'Philippines', 'PH'),
(456, 'United States', 'US'),
(457, 'Iceland', 'IS'),
(458, 'Japan', 'JP'),
(459, 'China', 'CN'),
(460, 'China', 'CN'),
(461, 'Portugal', 'PT'),
(462, 'Finland', 'FI'),
(463, 'Thailand', 'TH'),
(464, 'Philippines', 'PH'),
(465, 'China', 'CN'),
(466, 'Russia', 'RU'),
(467, 'Syria', 'SY'),
(468, 'China', 'CN'),
(469, 'Kenya', 'KE'),
(470, 'Philippines', 'PH'),
(471, 'China', 'CN'),
(472, 'Russia', 'RU'),
(473, 'Colombia', 'CO'),
(474, 'Portugal', 'PT'),
(475, 'Spain', 'ES'),
(476, 'Bahamas', 'BS'),
(477, 'Spain', 'ES'),
(478, 'Japan', 'JP'),
(479, 'Poland', 'PL'),
(480, 'Sweden', 'SE'),
(481, 'Ukraine', 'UA'),
(482, 'Mozambique', 'MZ'),
(483, 'Brazil', 'BR'),
(484, 'Indonesia', 'ID'),
(485, 'Indonesia', 'ID'),
(486, 'Nigeria', 'NG'),
(487, 'China', 'CN'),
(488, 'Russia', 'RU'),
(489, 'China', 'CN'),
(490, 'Malaysia', 'MY'),
(491, 'Nigeria', 'NG'),
(492, 'Madagascar', 'MG'),
(493, 'Russia', 'RU'),
(494, 'Tonga', 'TO'),
(495, 'China', 'CN'),
(496, 'Portugal', 'PT'),
(497, 'Egypt', 'EG'),
(498, 'Philippines', 'PH'),
(499, 'France', 'FR'),
(500, 'United States', 'US'),
(501, 'Ethiopia', 'ET'),
(502, 'Israel', 'IL'),
(503, 'China', 'CN'),
(504, 'Poland', 'PL'),
(505, 'Belarus', 'BY'),
(506, 'Japan', 'JP'),
(507, 'Ivory Coast', 'CI'),
(508, 'Sweden', 'SE'),
(509, 'Greece', 'GR'),
(510, 'China', 'CN'),
(511, 'Indonesia', 'ID'),
(512, 'China', 'CN'),
(513, 'France', 'FR'),
(514, 'Indonesia', 'ID'),
(515, 'Ghana', 'GH'),
(516, 'Palestinian Territory', 'PS'),
(517, 'Philippines', 'PH'),
(518, 'Nicaragua', 'NI'),
(519, 'Syria', 'SY'),
(520, 'Chad', 'TD'),
(521, 'Japan', 'JP'),
(522, 'United States', 'US'),
(523, 'Armenia', 'AM'),
(524, 'Gabon', 'GA'),
(525, 'Croatia', 'HR'),
(526, 'Peru', 'PE'),
(527, 'Indonesia', 'ID'),
(528, 'China', 'CN'),
(529, 'United States', 'US'),
(530, 'Luxembourg', 'LU'),
(531, 'China', 'CN'),
(532, 'China', 'CN'),
(533, 'Madagascar', 'MG'),
(534, 'Indonesia', 'ID'),
(535, 'Indonesia', 'ID'),
(536, 'Poland', 'PL'),
(537, 'Morocco', 'MA'),
(538, 'Indonesia', 'ID'),
(539, 'Indonesia', 'ID'),
(540, 'China', 'CN'),
(541, 'Poland', 'PL'),
(542, 'Uganda', 'UG'),
(543, 'China', 'CN'),
(544, 'Indonesia', 'ID'),
(545, 'Russia', 'RU'),
(546, 'China', 'CN'),
(547, 'United States', 'US'),
(548, 'United States', 'US'),
(549, 'Canada', 'CA'),
(550, 'Russia', 'RU'),
(551, 'Ukraine', 'UA'),
(552, 'China', 'CN'),
(553, 'Portugal', 'PT'),
(554, 'France', 'FR'),
(555, 'Indonesia', 'ID'),
(556, 'France', 'FR'),
(557, 'Philippines', 'PH'),
(558, 'Japan', 'JP'),
(559, 'Haiti', 'HT'),
(560, 'China', 'CN'),
(561, 'Canada', 'CA'),
(562, 'China', 'CN'),
(563, 'Mali', 'ML'),
(564, 'United States', 'US'),
(565, 'Indonesia', 'ID'),
(566, 'Netherlands', 'NL'),
(567, 'Ukraine', 'UA'),
(568, 'Russia', 'RU'),
(569, 'Thailand', 'TH'),
(570, 'China', 'CN'),
(571, 'Vietnam', 'VN'),
(572, 'Thailand', 'TH'),
(573, 'Nigeria', 'NG'),
(574, 'United States', 'US'),
(575, 'Serbia', 'RS'),
(576, 'Philippines', 'PH'),
(577, 'Ecuador', 'EC'),
(578, 'Czech Republic', 'CZ'),
(579, 'Indonesia', 'ID'),
(580, 'Greece', 'GR'),
(581, 'Greece', 'GR'),
(582, 'Iran', 'IR'),
(583, 'Indonesia', 'ID'),
(584, 'Czech Republic', 'CZ'),
(585, 'Indonesia', 'ID'),
(586, 'France', 'FR'),
(587, 'China', 'CN'),
(588, 'Haiti', 'HT'),
(589, 'France', 'FR'),
(590, 'Russia', 'RU'),
(591, 'Japan', 'JP'),
(592, 'Colombia', 'CO'),
(593, 'Morocco', 'MA'),
(594, 'Philippines', 'PH'),
(595, 'Indonesia', 'ID'),
(596, 'Greece', 'GR'),
(597, 'Indonesia', 'ID'),
(598, 'Indonesia', 'ID'),
(599, 'Czech Republic', 'CZ'),
(600, 'Sweden', 'SE'),
(601, 'Japan', 'JP'),
(602, 'Poland', 'PL'),
(603, 'China', 'CN'),
(604, 'Cameroon', 'CM'),
(605, 'Mongolia', 'MN'),
(606, 'Philippines', 'PH'),
(607, 'El Salvador', 'SV'),
(608, 'Philippines', 'PH'),
(609, 'Portugal', 'PT'),
(610, 'Indonesia', 'ID'),
(611, 'United States', 'US'),
(612, 'Netherlands', 'NL'),
(613, 'China', 'CN'),
(614, 'Azerbaijan', 'AZ'),
(615, 'Japan', 'JP'),
(616, 'Ghana', 'GH'),
(617, 'Canada', 'CA'),
(618, 'China', 'CN'),
(619, 'Serbia', 'RS'),
(620, 'Malaysia', 'MY'),
(621, 'Japan', 'JP'),
(622, 'Albania', 'AL'),
(623, 'Indonesia', 'ID'),
(624, 'Russia', 'RU'),
(625, 'Afghanistan', 'AF'),
(626, 'Hungary', 'HU'),
(627, 'Thailand', 'TH'),
(628, 'Albania', 'AL'),
(629, 'Indonesia', 'ID'),
(630, 'Brazil', 'BR'),
(631, 'Eritrea', 'ER'),
(632, 'United States', 'US'),
(633, 'Argentina', 'AR'),
(634, 'Indonesia', 'ID'),
(635, 'Indonesia', 'ID'),
(636, 'Argentina', 'AR'),
(637, 'Indonesia', 'ID'),
(638, 'Netherlands', 'NL'),
(639, 'United States', 'US'),
(640, 'Russia', 'RU'),
(641, 'China', 'CN'),
(642, 'Indonesia', 'ID'),
(643, 'China', 'CN'),
(644, 'China', 'CN'),
(645, 'Madagascar', 'MG'),
(646, 'Argentina', 'AR'),
(647, 'United States', 'US'),
(648, 'Portugal', 'PT'),
(649, 'Palestinian Territory', 'PS'),
(650, 'Thailand', 'TH'),
(651, 'Angola', 'AO'),
(652, 'Brazil', 'BR'),
(653, 'Argentina', 'AR'),
(654, 'North Korea', 'KP'),
(655, 'China', 'CN'),
(656, 'Honduras', 'HN'),
(657, 'Russia', 'RU'),
(658, 'Sweden', 'SE'),
(659, 'United States', 'US'),
(660, 'Belarus', 'BY'),
(661, 'Vietnam', 'VN'),
(662, 'China', 'CN'),
(663, 'Russia', 'RU'),
(664, 'Iran', 'IR'),
(665, 'Portugal', 'PT'),
(666, 'United States', 'US'),
(667, 'Brazil', 'BR'),
(668, 'Peru', 'PE'),
(669, 'China', 'CN'),
(670, 'United States', 'US'),
(671, 'Poland', 'PL'),
(672, 'United States', 'US'),
(673, 'Indonesia', 'ID'),
(674, 'Peru', 'PE'),
(675, 'China', 'CN'),
(676, 'China', 'CN'),
(677, 'China', 'CN'),
(678, 'Burkina Faso', 'BF'),
(679, 'China', 'CN'),
(680, 'China', 'CN'),
(681, 'Sweden', 'SE'),
(682, 'Pakistan', 'PK'),
(683, 'China', 'CN'),
(684, 'Indonesia', 'ID'),
(685, 'Indonesia', 'ID'),
(686, 'Ecuador', 'EC'),
(687, 'Brazil', 'BR'),
(688, 'Indonesia', 'ID'),
(689, 'Brazil', 'BR'),
(690, 'Tunisia', 'TN'),
(691, 'China', 'CN'),
(692, 'France', 'FR'),
(693, 'Paraguay', 'PY'),
(694, 'Malaysia', 'MY'),
(695, 'Philippines', 'PH'),
(696, 'France', 'FR'),
(697, 'France', 'FR'),
(698, 'China', 'CN'),
(699, 'Czech Republic', 'CZ'),
(700, 'Bolivia', 'BO'),
(701, 'France', 'FR'),
(702, 'Tanzania', 'TZ'),
(703, 'China', 'CN'),
(704, 'Sweden', 'SE'),
(705, 'Spain', 'ES'),
(706, 'Argentina', 'AR'),
(707, 'Indonesia', 'ID'),
(708, 'Russia', 'RU'),
(709, 'Thailand', 'TH'),
(710, 'Armenia', 'AM'),
(711, 'Mexico', 'MX'),
(712, 'Nigeria', 'NG'),
(713, 'China', 'CN'),
(714, 'Georgia', 'GE'),
(715, 'South Africa', 'ZA'),
(716, 'Costa Rica', 'CR'),
(717, 'Laos', 'LA'),
(718, 'Russia', 'RU'),
(719, 'Croatia', 'HR'),
(720, 'Portugal', 'PT'),
(721, 'United States', 'US'),
(722, 'China', 'CN'),
(723, 'Gambia', 'GM'),
(724, 'Colombia', 'CO'),
(725, 'Canada', 'CA'),
(726, 'Israel', 'IL'),
(727, 'Croatia', 'HR'),
(728, 'Indonesia', 'ID'),
(729, 'Portugal', 'PT'),
(730, 'Benin', 'BJ'),
(731, 'Philippines', 'PH'),
(732, 'Myanmar', 'MM'),
(733, 'China', 'CN'),
(734, 'Mexico', 'MX'),
(735, 'Colombia', 'CO'),
(736, 'China', 'CN'),
(737, 'Japan', 'JP'),
(738, 'Philippines', 'PH'),
(739, 'North Korea', 'KP'),
(740, 'Bhutan', 'BT'),
(741, 'United States', 'US'),
(742, 'Brazil', 'BR'),
(743, 'Indonesia', 'ID'),
(744, 'China', 'CN'),
(745, 'China', 'CN'),
(746, 'Indonesia', 'ID'),
(747, 'China', 'CN'),
(748, 'China', 'CN'),
(749, 'Indonesia', 'ID'),
(750, 'Albania', 'AL'),
(751, 'Indonesia', 'ID'),
(752, 'China', 'CN'),
(753, 'Poland', 'PL'),
(754, 'Iran', 'IR'),
(755, 'Russia', 'RU'),
(756, 'Ecuador', 'EC'),
(757, 'Japan', 'JP'),
(758, 'Ukraine', 'UA'),
(759, 'Argentina', 'AR'),
(760, 'Iran', 'IR'),
(761, 'Palestinian Territory', 'PS'),
(762, 'Russia', 'RU'),
(763, 'Argentina', 'AR'),
(764, 'China', 'CN'),
(765, 'Kyrgyzstan', 'KG'),
(766, 'China', 'CN'),
(767, 'Ireland', 'IE'),
(768, 'Poland', 'PL'),
(769, 'Madagascar', 'MG'),
(770, 'Portugal', 'PT'),
(771, 'China', 'CN'),
(772, 'Pakistan', 'PK'),
(773, 'Czech Republic', 'CZ'),
(774, 'Indonesia', 'ID'),
(775, 'Portugal', 'PT'),
(776, 'China', 'CN'),
(777, 'China', 'CN'),
(778, 'Poland', 'PL'),
(779, 'Tunisia', 'TN'),
(780, 'Senegal', 'SN'),
(781, 'Democratic Republic of the Congo', 'CD'),
(782, 'China', 'CN'),
(783, 'Azerbaijan', 'AZ'),
(784, 'China', 'CN'),
(785, 'Russia', 'RU'),
(786, 'Russia', 'RU'),
(787, 'China', 'CN'),
(788, 'Greece', 'GR'),
(789, 'Philippines', 'PH'),
(790, 'Nigeria', 'NG'),
(791, 'Japan', 'JP'),
(792, 'Malaysia', 'MY'),
(793, 'Venezuela', 'VE'),
(794, 'Russia', 'RU'),
(795, 'Belarus', 'BY'),
(796, 'Canada', 'CA'),
(797, 'Portugal', 'PT'),
(798, 'South Africa', 'ZA'),
(799, 'United Kingdom', 'GB'),
(800, 'China', 'CN'),
(801, 'Brazil', 'BR'),
(802, 'Indonesia', 'ID'),
(803, 'Portugal', 'PT'),
(804, 'Indonesia', 'ID'),
(805, 'Greece', 'GR'),
(806, 'China', 'CN'),
(807, 'Indonesia', 'ID'),
(808, 'France', 'FR'),
(809, 'Brazil', 'BR'),
(810, 'Indonesia', 'ID'),
(811, 'Ukraine', 'UA'),
(812, 'Brunei', 'BN'),
(813, 'Japan', 'JP'),
(814, 'Samoa', 'WS'),
(815, 'Chile', 'CL'),
(816, 'Russia', 'RU'),
(817, 'Canada', 'CA'),
(818, 'France', 'FR'),
(819, 'Ethiopia', 'ET'),
(820, 'China', 'CN'),
(821, 'Indonesia', 'ID'),
(822, 'Poland', 'PL'),
(823, 'China', 'CN'),
(824, 'Indonesia', 'ID'),
(825, 'Greece', 'GR'),
(826, 'Indonesia', 'ID'),
(827, 'China', 'CN'),
(828, 'Greece', 'GR'),
(829, 'China', 'CN'),
(830, 'China', 'CN'),
(831, 'Indonesia', 'ID'),
(832, 'Russia', 'RU'),
(833, 'Russia', 'RU'),
(834, 'Philippines', 'PH'),
(835, 'Philippines', 'PH'),
(836, 'Indonesia', 'ID'),
(837, 'Japan', 'JP'),
(838, 'Poland', 'PL'),
(839, 'China', 'CN'),
(840, 'New Zealand', 'NZ'),
(841, 'Portugal', 'PT'),
(842, 'Ivory Coast', 'CI'),
(843, 'China', 'CN'),
(844, 'Canada', 'CA'),
(845, 'Indonesia', 'ID'),
(846, 'Brazil', 'BR'),
(847, 'Zambia', 'ZM'),
(848, 'Brazil', 'BR'),
(849, 'Finland', 'FI'),
(850, 'Brazil', 'BR'),
(851, 'Colombia', 'CO'),
(852, 'Russia', 'RU'),
(853, 'United States', 'US'),
(854, 'France', 'FR'),
(855, 'Thailand', 'TH'),
(856, 'China', 'CN'),
(857, 'China', 'CN'),
(858, 'Poland', 'PL'),
(859, 'Bulgaria', 'BG'),
(860, 'Sweden', 'SE'),
(861, 'Senegal', 'SN'),
(862, 'China', 'CN'),
(863, 'Ireland', 'IE'),
(864, 'Serbia', 'RS'),
(865, 'Philippines', 'PH'),
(866, 'Greece', 'GR'),
(867, 'Philippines', 'PH'),
(868, 'Poland', 'PL'),
(869, 'Indonesia', 'ID'),
(870, 'China', 'CN'),
(871, 'China', 'CN'),
(872, 'Japan', 'JP'),
(873, 'Philippines', 'PH'),
(874, 'Portugal', 'PT'),
(875, 'Russia', 'RU'),
(876, 'Philippines', 'PH'),
(877, 'Vanuatu', 'VU'),
(878, 'Mexico', 'MX'),
(879, 'Russia', 'RU'),
(880, 'China', 'CN'),
(881, 'Sweden', 'SE'),
(882, 'Philippines', 'PH'),
(883, 'Russia', 'RU'),
(884, 'China', 'CN'),
(885, 'China', 'CN'),
(886, 'China', 'CN'),
(887, 'Indonesia', 'ID'),
(888, 'Egypt', 'EG'),
(889, 'Philippines', 'PH'),
(890, 'Indonesia', 'ID'),
(891, 'Mexico', 'MX'),
(892, 'Israel', 'IL'),
(893, 'China', 'CN'),
(894, 'France', 'FR'),
(895, 'China', 'CN'),
(896, 'Albania', 'AL'),
(897, 'French Guiana', 'GF'),
(898, 'Dominican Republic', 'DO'),
(899, 'United States', 'US'),
(900, 'China', 'CN'),
(901, 'Jordan', 'JO'),
(902, 'Peru', 'PE'),
(903, 'Greece', 'GR'),
(904, 'China', 'CN'),
(905, 'Thailand', 'TH'),
(906, 'United States', 'US'),
(907, 'Portugal', 'PT'),
(908, 'Peru', 'PE'),
(909, 'France', 'FR'),
(910, 'China', 'CN'),
(911, 'Indonesia', 'ID'),
(912, 'China', 'CN'),
(913, 'China', 'CN'),
(914, 'Peru', 'PE'),
(915, 'China', 'CN'),
(916, 'Ecuador', 'EC'),
(917, 'Russia', 'RU'),
(918, 'Portugal', 'PT'),
(919, 'Philippines', 'PH'),
(920, 'Netherlands', 'NL'),
(921, 'Thailand', 'TH'),
(922, 'Indonesia', 'ID'),
(923, 'Vietnam', 'VN'),
(924, 'China', 'CN'),
(925, 'Philippines', 'PH'),
(926, 'Russia', 'RU'),
(927, 'China', 'CN'),
(928, 'Canada', 'CA'),
(929, 'Eritrea', 'ER'),
(930, 'Philippines', 'PH'),
(931, 'Poland', 'PL'),
(932, 'China', 'CN'),
(933, 'Brazil', 'BR'),
(934, 'China', 'CN'),
(935, 'Indonesia', 'ID'),
(936, 'Portugal', 'PT'),
(937, 'Indonesia', 'ID'),
(938, 'Serbia', 'RS'),
(939, 'Sweden', 'SE'),
(940, 'South Africa', 'ZA'),
(941, 'North Korea', 'KP'),
(942, 'China', 'CN'),
(943, 'Indonesia', 'ID'),
(944, 'Portugal', 'PT'),
(945, 'Russia', 'RU'),
(946, 'United States', 'US'),
(947, 'Mexico', 'MX'),
(948, 'China', 'CN'),
(949, 'Russia', 'RU'),
(950, 'Sweden', 'SE'),
(951, 'United States', 'US'),
(952, 'Colombia', 'CO'),
(953, 'Netherlands', 'NL'),
(954, 'Russia', 'RU'),
(955, 'Cameroon', 'CM'),
(956, 'Yemen', 'YE'),
(957, 'Hungary', 'HU'),
(958, 'China', 'CN'),
(959, 'Kosovo', 'XK'),
(960, 'Philippines', 'PH'),
(961, 'Greece', 'GR'),
(962, 'Sweden', 'SE'),
(963, 'China', 'CN'),
(964, 'France', 'FR'),
(965, 'China', 'CN'),
(966, 'Indonesia', 'ID'),
(967, 'Indonesia', 'ID'),
(968, 'Russia', 'RU'),
(969, 'Kazakhstan', 'KZ'),
(970, 'China', 'CN'),
(971, 'Brazil', 'BR'),
(972, 'China', 'CN'),
(973, 'Colombia', 'CO'),
(974, 'Portugal', 'PT'),
(975, 'China', 'CN'),
(976, 'Russia', 'RU'),
(977, 'Ukraine', 'UA'),
(978, 'China', 'CN'),
(979, 'Colombia', 'CO'),
(980, 'Uruguay', 'UY'),
(981, 'Colombia', 'CO'),
(982, 'Kazakhstan', 'KZ'),
(983, 'Philippines', 'PH'),
(984, 'United States', 'US'),
(985, 'Egypt', 'EG'),
(986, 'China', 'CN'),
(987, 'Argentina', 'AR'),
(988, 'Dominican Republic', 'DO'),
(989, 'China', 'CN'),
(990, 'China', 'CN'),
(991, 'Portugal', 'PT'),
(992, 'Portugal', 'PT'),
(993, 'Tunisia', 'TN'),
(994, 'Russia', 'RU'),
(995, 'Dominican Republic', 'DO'),
(996, 'Portugal', 'PT'),
(997, 'Russia', 'RU'),
(998, 'Russia', 'RU'),
(999, 'Morocco', 'MA'),
(1000, 'China', 'CN');

-- --------------------------------------------------------

--
-- Table structure for table `failed_jobs`
--

CREATE TABLE `failed_jobs` (
  `id` bigint(20) UNSIGNED NOT NULL,
  `uuid` varchar(255) NOT NULL,
  `connection` text NOT NULL,
  `queue` text NOT NULL,
  `payload` longtext NOT NULL,
  `exception` longtext NOT NULL,
  `failed_at` timestamp NOT NULL DEFAULT current_timestamp()
) ENGINE=InnoDB DEFAULT CHARSET=utf8mb4 COLLATE=utf8mb4_unicode_ci;

-- --------------------------------------------------------

--
-- Table structure for table `jobs`
--

CREATE TABLE `jobs` (
  `id` bigint(20) UNSIGNED NOT NULL,
  `queue` varchar(255) NOT NULL,
  `payload` longtext NOT NULL,
  `attempts` tinyint(3) UNSIGNED NOT NULL,
  `reserved_at` int(10) UNSIGNED DEFAULT NULL,
  `available_at` int(10) UNSIGNED NOT NULL,
  `created_at` int(10) UNSIGNED NOT NULL
) ENGINE=InnoDB DEFAULT CHARSET=utf8mb4 COLLATE=utf8mb4_unicode_ci;

-- --------------------------------------------------------

--
-- Table structure for table `job_batches`
--

CREATE TABLE `job_batches` (
  `id` varchar(255) NOT NULL,
  `name` varchar(255) NOT NULL,
  `total_jobs` int(11) NOT NULL,
  `pending_jobs` int(11) NOT NULL,
  `failed_jobs` int(11) NOT NULL,
  `failed_job_ids` longtext NOT NULL,
  `options` mediumtext DEFAULT NULL,
  `cancelled_at` int(11) DEFAULT NULL,
  `created_at` int(11) NOT NULL,
  `finished_at` int(11) DEFAULT NULL
) ENGINE=InnoDB DEFAULT CHARSET=utf8mb4 COLLATE=utf8mb4_unicode_ci;

-- --------------------------------------------------------

--
-- Table structure for table `manufacturer`
--

CREATE TABLE `manufacturer` (
  `id_manufacturer` int(11) NOT NULL,
  `name` varchar(255) NOT NULL,
  `adress` varchar(255) NOT NULL,
  `city` varchar(255) NOT NULL,
  `postal_code` varchar(45) NOT NULL,
  `country_id_country` int(11) NOT NULL
) ENGINE=InnoDB DEFAULT CHARSET=utf8 COLLATE=utf8_general_ci;

--
-- Dumping data for table `manufacturer`
--

INSERT INTO `manufacturer` (`id_manufacturer`, `name`, `adress`, `city`, `postal_code`, `country_id_country`) VALUES
(1, 'ZTE', 'Suite 51', 'Iwo', '', 1),
(2, 'Xiaomi', 'Room 1266', 'Chagang', '', 2),
(3, 'Samsung', '15th Floor', 'Siikainen', '29811', 3),
(4, 'Samsung', 'Room 1144', 'San Pedro', '', 4),
(5, 'XCute', '2nd Floor', 'Hässleholm', '281 23', 5),
(6, 'Nokia', 'Apt 1446', 'Xidoupu', '', 6),
(7, 'QMobile', 'Apt 557', 'Bełżyce', '24-200', 7),
(8, 'Sendo', 'Apt 368', 'Pradera', '763558', 8),
(9, 'Coolpad', 'Room 1673', 'Trinity', '', 9),
(10, 'Samsung', 'PO Box 56427', 'Pernå', '63530', 10),
(11, 'OnePlus', 'Apt 838', 'Mae Fa Luang', '25190', 11),
(12, 'Archos', '17th Floor', 'Shatian', '', 12),
(13, 'BlackBerry', 'PO Box 92871', 'Banjar Sedang', '', 13),
(14, 'Huawei', 'Room 428', 'Santo Domingo', '', 14),
(15, 'Lenovo', 'Suite 56', 'Hroznětín', '584 01', 15),
(16, 'Samsung', '15th Floor', 'Fontenay-sous-Bois', '94129 CEDEX', 16),
(17, 'Celkon', 'PO Box 44745', 'Limoeiro do Norte', '62930-000', 17),
(18, 'Haier', 'Room 814', 'Bech', 'L-6231', 18),
(19, 'Nokia', 'Apt 859', 'Jiaqiao', '', 19),
(20, 'LG', 'Apt 30', 'Purwa', '', 20),
(21, 'Samsung', 'PO Box 22890', 'Särö', '429 42', 21),
(22, 'LG', 'Suite 69', 'Madīnat Sittah Uktūbar', '', 22),
(23, 'Samsung', 'Suite 78', 'Farkhor', '', 23),
(24, 'Motorola', '20th Floor', 'Bum Bum', '', 24),
(25, 'Samsung', '15th Floor', 'Ituzaingó', '1718', 25),
(26, 'Philips', '1st Floor', 'Xigebi', '', 26),
(27, 'BLU', '8th Floor', 'Guiglo', '', 27),
(28, 'HTC', 'Room 1233', 'Maofan', '', 28),
(29, 'Samsung', 'Room 1344', 'Lyon', '69345 CEDEX 07', 29),
(30, 'alcatel', 'PO Box 30870', 'Hengqu', '', 30),
(31, 'Nokia', 'Suite 79', 'Kaum', '', 31),
(32, 'Xiaomi', '19th Floor', 'Aras-asan', '1659', 32),
(33, 'Nokia', 'Room 636', 'Blois', '41976 CEDEX 9', 33),
(34, 'Samsung', 'Apt 487', 'Araras', '13600-000', 34),
(35, 'Samsung', 'Apt 867', 'Same', '', 35),
(36, 'Sony', 'Apt 179', 'Níkaia', '', 36),
(37, 'QMobile', 'Room 893', 'Simpanganduwet', '', 37),
(38, 'BenQ-Siemens', 'Suite 100', 'Checca', '', 38),
(39, 'Qtek', 'Suite 63', 'San José de Bocay', '', 39),
(40, 'Xiaomi', 'Apt 1018', 'Montauban', '82037 CEDEX', 40),
(41, 'Pantech', 'Suite 58', 'Ogōri-shimogō', '754-0897', 41),
(42, 'Sharp', 'Suite 15', 'Monte da Chaminé', '7200-202', 42),
(43, 'Acer', 'PO Box 7303', 'Xiaoshun', '', 43),
(44, 'Huawei', 'Apt 1823', 'Volgograd', '307740', 44),
(45, 'BLU', '8th Floor', 'Balzers', '9496', 45),
(46, 'Sony', 'Room 1', 'Lima', '', 46),
(47, 'Plum', 'Apt 861', 'Pliska', '9959', 47),
(48, 'Nokia', 'Suite 87', 'Makīnsk', '', 48),
(49, 'Samsung', 'Apt 534', 'Savski Venac', '', 49),
(50, 'verykool', '16th Floor', 'Vokhaïkó', '', 50),
(51, 'Micromax', '8th Floor', 'Pandean', '', 51),
(52, 'Samsung', 'Room 673', 'Матејче', '1315', 52),
(53, 'Celkon', 'Apt 752', 'Limoges', '87041 CEDEX 1', 53),
(54, 'alcatel', 'Suite 23', 'Navan', 'D11', 54),
(55, 'Xiaomi', 'Apt 90', 'Chrast', '538 51', 55),
(56, 'alcatel', 'Suite 93', 'Xanxerê', '89820-000', 56),
(57, 'Toshiba', 'Room 1427', 'Mamoudzou', '97680', 57),
(58, 'Microsoft', '14th Floor', 'Kŭrdzhali', '6710', 58),
(59, 'Motorola', 'Suite 5', 'Saraqinishtë', '', 59),
(60, 'HP', '6th Floor', 'Hekou', '', 60),
(61, 'Realme', 'PO Box 475', 'Oskarshamn', '572 32', 61),
(62, 'Motorola', 'Room 260', 'Bojonggaling', '', 62),
(63, 'Dell', 'Suite 61', 'Iaçu', '46860-000', 63),
(64, 'Lava', 'Apt 29', 'Dandu', '', 64),
(65, 'LG', 'Apt 1501', 'Dengzhou', '', 65),
(66, 'Huawei', 'Room 1447', 'Qingquan', '', 66),
(67, 'Energizer', 'PO Box 10166', 'Sinop', '78550-000', 67),
(68, 'BenQ', 'Suite 75', 'Fagatogo', '96799', 68),
(69, 'Oppo', 'PO Box 53039', 'Guararapes', '16700-000', 69),
(70, 'Motorola', 'Room 829', 'Colonia Mauricio José Troche', '', 70),
(71, 'Amoi', 'Apt 1342', 'Pines', '7207', 71),
(72, 'BLU', 'Apt 177', 'Nakuru', '', 72),
(73, 'ZTE', 'Room 1451', 'Sambava', '', 73),
(74, 'NEC', 'Suite 39', 'La Ceja', '055018', 74),
(75, 'Samsung', '7th Floor', 'Pochayiv', '', 75),
(76, 'Meizu', 'PO Box 67802', 'Promyshlennaya', '652380', 76),
(77, 'BLU', 'Room 1616', 'Padej', '', 77),
(78, 'Oppo', 'Room 860', 'Pointe-à-Pitre', '97171 CEDEX', 78),
(79, 'HTC', 'Apt 555', 'San Pedro Sacatepéquez', '01059', 79),
(80, 'Lenovo', 'Room 322', 'Fier', '', 80),
(81, 'Huawei', 'Suite 70', 'Świecie', '86-105', 81),
(82, 'Lenovo', 'PO Box 4687', 'Sanzao', '', 82),
(83, 'Meizu', '14th Floor', 'Makungu', '', 83),
(84, 'Micromax', 'PO Box 53308', 'Margaharja', '', 84),
(85, 'Ericsson', 'PO Box 570', 'Norrköping', '602 24', 85),
(86, 'Allview', 'Apt 1635', 'Radvanice', '751 21', 86),
(87, 'Spice', 'Apt 840', 'Krajan Battal', '', 87),
(88, 'Samsung', 'PO Box 68157', 'Nový Bydžov', '504 01', 88),
(89, 'Sharp', '16th Floor', 'Quinta', '4600-652', 89),
(90, 'Xiaomi', 'Suite 83', 'Chase', 'H4R', 90),
(91, 'Micromax', '19th Floor', 'Matou', '', 91),
(92, 'Spice', 'Apt 1986', 'Alor Star', '06250', 92),
(93, 'BlackBerry', 'Suite 44', 'Brotas', '17380-000', 93),
(94, 'Sony', '3rd Floor', 'Dunmanway', 'P47', 94),
(95, 'Asus', 'PO Box 37821', 'Binangun', '', 95),
(96, 'LG', 'PO Box 21965', 'Yangzhuang', '', 96),
(97, 'QMobile', 'PO Box 21931', 'Roczyny', '43-354', 97),
(98, 'Samsung', '10th Floor', 'Chenzhuang', '', 98),
(99, 'LG', 'Apt 1951', 'Velyka Bilozerka', '', 99),
(100, 'Celkon', 'PO Box 65811', 'Socorro', '8416', 100),
(101, 'vivo', 'Apt 1825', 'Komsomol’sk', '155150', 101),
(102, 'Samsung', 'PO Box 91177', 'Yeyik', '', 102),
(103, 'Infinix', 'PO Box 7953', 'Środa Wielkopolska', '63-001', 103),
(104, 'Samsung', '12th Floor', 'Xiadingjia', '', 104),
(105, 'i-mobile', 'PO Box 99486', 'Az Zabadānī', '', 105),
(106, 'BLU', 'Room 846', 'Yauca', '', 106),
(107, 'Huawei', 'Apt 1329', 'Huangjinbu', '', 107),
(108, 'BLU', 'Suite 35', 'Bungoma', '', 108),
(109, 'Samsung', 'Apt 1728', 'Linköping', '587 24', 109),
(110, 'Apple', 'Suite 97', 'Paris 11', '75522 CEDEX 11', 110),
(111, 'Honor', 'PO Box 90563', 'Ciomas', '', 111),
(112, 'Motorola', 'Apt 208', 'Santa Cruz do Capibaribe', '55190-000', 112),
(113, 'BLU', 'Suite 61', 'Xiwanzi', '', 113),
(114, 'Vodafone', 'Suite 4', 'Wufeng', '', 114),
(115, 'Sendo', 'Apt 1296', 'Llusco', '', 115),
(116, 'LG', 'Room 855', 'Kramators’k', '', 116),
(117, 'Philips', 'PO Box 80851', 'Tomé Açu', '15640-000', 117),
(118, 'alcatel', 'PO Box 67505', 'Raci Kulon', '', 118),
(119, 'Lenovo', 'Suite 94', 'Chakaray', '', 119),
(120, 'Samsung', 'PO Box 28164', 'San Carlos', '232517', 120),
(121, 'Maxwest', 'Suite 16', 'Třešť', '589 01', 121),
(122, 'Micromax', 'PO Box 9335', 'Lamovita', '', 122),
(123, 'LG', 'Room 550', 'Man', '', 123),
(124, 'Motorola', 'Room 778', 'Zoumachang', '', 124),
(125, 'Oppo', 'Room 1338', 'Jieshan', '', 125),
(126, 'Sony', 'Apt 1774', 'Brodarica', '51242', 126),
(127, 'Samsung', 'Suite 79', 'Yopal', '850009', 127),
(128, 'Lava', 'Suite 84', 'Toulon', '83077 CEDEX 9', 128),
(129, 'BLU', 'Room 161', 'Hüremt', '', 129),
(130, 'Amoi', 'Room 1004', 'Būrabay', '', 130),
(131, 'Celkon', 'PO Box 15019', 'Bolderaja', '', 131),
(132, 'BLU', 'Room 352', 'Vilémov', '783 22', 132),
(133, 'Sony', 'Suite 39', 'Sepit', '', 133),
(134, 'BLU', 'Room 919', 'Ocumare de la Costa', '', 134),
(135, 'Motorola', '16th Floor', 'Nakuru', '', 135),
(136, 'Samsung', 'PO Box 58742', 'Darungan', '', 136),
(137, 'Micromax', 'Apt 58', 'Khandagayty', '668134', 137),
(138, 'LG', 'Suite 66', 'Kórnik', '62-035', 138),
(139, 'Spice', '15th Floor', 'Morelos', '61609', 139),
(140, 'Motorola', 'Suite 38', 'Zapolyarnyy', '184433', 140),
(141, 'Oppo', 'Room 42', 'Saint-Louis', '68309 CEDEX', 141),
(142, 'Infinix', 'Apt 1651', 'Hatava', '', 142),
(143, 'alcatel', 'Room 45', 'Llalli', '', 143),
(144, 'ZTE', 'PO Box 3399', 'Toulon', '83092 CEDEX', 144),
(145, 'alcatel', 'Suite 56', 'Kavadarci', '1430', 145),
(146, 'Lenovo', 'Apt 1119', 'Ceper', '', 146),
(147, 'Mitac', 'Suite 11', 'Cerenti', '', 147),
(148, 'Huawei', 'Apt 1448', 'Arnprior', 'K7S', 148),
(149, 'Samsung', '14th Floor', 'Vysokogornyy', '413242', 149),
(150, 'Oppo', 'Apt 1318', 'Nardaran', '', 150),
(151, 'vivo', '1st Floor', 'Guri i Zi', '', 151),
(152, 'XOLO', 'PO Box 56485', 'Korem', '', 152),
(153, 'vivo', '5th Floor', 'Kobeřice', '747 27', 153),
(154, 'Apple', 'Suite 10', 'Kafr Şaqr', '', 154),
(155, 'Micromax', 'PO Box 85391', 'Svetlogorsk', '663214', 155),
(156, 'Karbonn', 'Apt 365', 'Bulalacao', '5214', 156),
(157, 'BLU', 'Suite 27', 'Timurlorong', '', 157),
(158, 'Nokia', 'PO Box 38398', 'Kirovohrad', '', 158),
(159, 'alcatel', 'PO Box 34081', 'Chaviña', '', 159),
(160, 'i-mobile', 'Suite 51', 'Ayolas', '', 160),
(161, 'Plum', '1st Floor', 'Shuiyin', '', 161),
(162, 'Huawei', 'Room 656', 'Chowki Jamali', '80401', 162),
(163, 'alcatel', 'Suite 24', 'Belz', '', 163),
(164, 'Gionee', 'Suite 18', 'Tangzhai', '', 164),
(165, 'Archos', 'Apt 1053', 'Rîbniţa', 'MD-5519', 165),
(166, 'alcatel', '6th Floor', 'Aranos', '', 166),
(167, 'Sagem', '4th Floor', 'Zongluzui', '', 167),
(168, 'XOLO', 'PO Box 2366', 'Jaquimeyes', '10411', 168),
(169, 'Huawei', '13th Floor', 'Baolong', '', 169),
(170, 'Maxon', 'PO Box 18783', 'Prachatice', '383 01', 170),
(171, 'Meizu', 'Room 829', 'Stung Treng', '', 171),
(172, 'Toshiba', 'Suite 74', 'Xiaoling', '', 172),
(173, 'Huawei', 'Suite 80', 'Pátmos', '', 173),
(174, 'HTC', 'Suite 32', 'Kastsyukovichy', '', 174),
(175, 'Toshiba', 'Apt 389', 'Rancasadang', '', 175),
(176, 'vivo', 'Suite 27', 'Huotong', '', 176),
(177, 'alcatel', 'Apt 1029', 'Trélissac', '24758 CEDEX', 177),
(178, 'Toshiba', 'Apt 545', 'Shizunai-furukawachō', '942-0213', 178),
(179, 'Sagem', 'Apt 1596', 'Plottier', '8316', 179),
(180, 'Sony', 'Room 1863', 'Bieto', '', 180),
(181, 'ZTE', 'Room 1187', 'Hushi', '', 181),
(182, 'Samsung', 'Apt 1792', 'Tsagaan-Owoo', '', 182),
(183, 'LG', 'Suite 53', 'Khon Buri', '30250', 183),
(184, 'Samsung', 'Room 1886', 'Bahía Honda', '', 184),
(185, 'Huawei', 'Apt 213', 'Kista', '164 73', 185),
(186, 'LG', '11th Floor', 'Charlotte', '28299', 186),
(187, 'XOLO', 'Room 1855', 'Al Tuḩaytā’', '', 187),
(188, 'LG', 'Suite 12', 'Sitangkai', '7506', 188),
(189, 'Microsoft', 'Room 1287', 'Booterstown', 'D04', 189),
(190, 'Asus', '9th Floor', 'Ar Ramthā', '', 190),
(191, 'Infinix', '17th Floor', 'San Roque', '6415', 191),
(192, 'Micromax', '8th Floor', 'Bogale', '', 192),
(193, 'Mitsubishi', 'Room 1208', 'Banjar Pasekan', '', 193),
(194, 'Motorola', '19th Floor', 'Limbe', '', 194),
(195, 'LG', 'Apt 1152', 'Lais', '9601', 195),
(196, 'Nokia', '16th Floor', 'Héroumbili', '', 196),
(197, 'LG', '7th Floor', 'Leshukonskoye', '164670', 197),
(198, 'LG', 'PO Box 79249', 'Emiliano Zapata', '91560', 198),
(199, 'Samsung', 'Apt 1184', 'Nagosela', '3440-635', 199),
(200, 'Micromax', 'Apt 379', 'Katav-Ivanovsk', '456113', 200),
(201, 'Lava', 'Room 495', 'Birmingham', '35263', 201),
(202, 'Samsung', 'PO Box 69449', 'Gandusari', '', 202),
(203, 'Amazon', 'Suite 69', 'Pangligaran', '', 203),
(204, 'Lenovo', 'PO Box 86521', 'Ore', '', 204),
(205, 'Nokia', 'PO Box 53648', 'Buenos Aires', '1871', 205),
(206, 'Tecno', 'Suite 53', 'Dikhil', '', 206),
(207, 'Plum', 'Room 537', 'San Rafael', '79783', 207),
(208, 'Asus', 'Apt 703', 'Strasbourg', '67029 CEDEX 1', 208),
(209, 'Gigabyte', '17th Floor', 'Puerto Maldonado', '', 209),
(210, 'BLU', 'PO Box 66398', 'Ma‘lūlā', '', 210),
(211, 'QMobile', 'Apt 402', 'Chechenglu', '', 211),
(212, 'ZTE', 'Suite 30', 'Longchi', '', 212),
(213, 'Allview', 'Room 332', 'Yongtai', '', 213),
(214, 'OnePlus', 'Apt 1407', 'Chuanpu', '', 214),
(215, 'Samsung', 'Room 640', 'Conde', '58322-000', 215),
(216, 'VK', '19th Floor', 'Ampahana', '', 216),
(217, 'Mitsubishi', 'Suite 17', 'Chodów', '62-652', 217),
(218, 'Motorola', 'Apt 1168', 'Zhangxiong', '', 218),
(219, 'Huawei', 'Apt 936', 'Vitrolles', '13867 CEDEX 9', 219),
(220, 'Samsung', 'Suite 18', 'Itapuí', '17230-000', 220),
(221, 'LG', '2nd Floor', 'La Virgen', '41002', 221),
(222, 'Samsung', '12th Floor', 'Padangan', '', 222),
(223, 'LG', 'Suite 22', 'Zamoskvorech’ye', '142817', 223),
(224, 'Samsung', 'Room 338', 'Las Terrenas', '10217', 224),
(225, 'Samsung', 'Apt 245', 'San Diego', '92176', 225),
(226, 'LG', 'Apt 13', 'Adamstown', '', 226),
(227, 'Tecno', 'Apt 178', 'Chalamarca', '', 227),
(228, 'Motorola', 'Suite 41', 'Jiaxing', '', 228),
(229, 'LG', 'Room 1423', 'Balibago', '6006', 229),
(230, 'ZTE', 'PO Box 33972', 'Situbondo', '', 230),
(231, 'BLU', '3rd Floor', 'Bensonville', '', 231),
(232, 'Sony', '8th Floor', 'Randfontein', '1771', 232),
(233, 'HTC', '20th Floor', 'Socorro', '8416', 233),
(234, 'Asus', 'PO Box 30947', 'Yinhe', '', 234),
(235, 'Bird', '9th Floor', 'Fanrong', '', 235),
(236, 'Sony', 'Room 640', 'Wenjī', '', 236),
(237, 'Maxon', 'PO Box 81808', 'Rājshāhi', '6100', 237),
(238, 'Honor', 'Suite 45', 'Anār', '', 238),
(239, 'Samsung', '10th Floor', 'Xikou', '', 239),
(240, 'Samsung', 'PO Box 21567', 'Senneterre', 'L0P', 240),
(241, 'Celkon', 'PO Box 6083', 'Casma', '', 241),
(242, 'Infinix', 'Apt 1448', 'Issad', '187453', 242),
(243, 'Lava', 'Apt 999', 'Luxia', '', 243),
(244, 'Allview', 'PO Box 42390', 'Lendava', '8332', 244),
(245, 'YU', 'Apt 535', 'Airuk', '96960', 245),
(246, 'XOLO', '16th Floor', 'Dasht-e Archī', '', 246),
(247, 'Micromax', '12th Floor', 'Slobodskoy', '613155', 247),
(248, 'Celkon', '5th Floor', 'Sosnovka', '442064', 248),
(249, 'Spice', '1st Floor', 'Khulna', '9242', 249),
(250, 'Sagem', 'Apt 374', 'Hepingyizu', '', 250),
(251, 'HTC', 'PO Box 39263', 'Nuevo Chamelecón', '', 251),
(252, 'Oppo', 'Suite 98', 'Malczyce', '55-320', 252),
(253, 'Sendo', 'Room 927', 'Orlando', '32825', 253),
(254, 'Acer', 'Room 1557', 'Alvito', '7920-015', 254),
(255, 'Celkon', '13th Floor', 'Sebina', '', 255),
(256, 'Lava', 'Apt 1765', 'Bao’an', '', 256),
(257, 'OnePlus', 'PO Box 53980', 'Yarumal', '052038', 257),
(258, 'BLU', 'Apt 1639', 'Xiaohe', '', 258),
(259, 'Nokia', '18th Floor', 'San Rafael Abajo', '10311', 259),
(260, 'HTC', 'Room 1606', 'Kalisabuk', '', 260),
(261, 'Celkon', 'Room 484', 'Pongol', '8706', 261),
(262, 'HTC', '14th Floor', 'Beaune', '21209 CEDEX', 262),
(263, 'Sony', 'PO Box 82279', 'Barguzin', '671610', 263),
(264, 'NIU', 'Apt 1213', 'Pitumarca', '', 264),
(265, 'Sony', 'PO Box 5434', 'Yunxian Chengguanzhen', '', 265),
(266, 'LG', 'Room 1671', 'Divisoria', '2733', 266),
(267, 'alcatel', '11th Floor', 'Porto Seguro', '45810-000', 267),
(268, 'vivo', 'Room 1928', 'Savyon', '', 268),
(269, 'Honor', 'Room 1491', 'Huangzhuang', '', 269),
(270, 'alcatel', '2nd Floor', 'Alto Barinas', '', 270),
(271, 'NEC', 'Apt 87', 'Yunchi', '', 271),
(272, 'Vodafone', 'Suite 21', 'Anserma', '177089', 272),
(273, 'Huawei', 'Suite 13', 'Sarnaki', '08-220', 273),
(274, 'Samsung', 'Suite 20', 'Kembé', '', 274),
(275, 'Philips', 'PO Box 94889', 'Verkhnya Syrovatka', '', 275),
(276, 'Spice', 'Room 624', 'Palencia', '34005', 276),
(277, 'Yezz', '19th Floor', 'Kaišiadorys', '56001', 277),
(278, 'Samsung', 'Room 1855', 'Mpulungu', '', 278),
(279, 'Plum', 'PO Box 8488', 'Washington', '56944', 279),
(280, 'Sony', 'Room 1986', 'Nozdrzec', '36-245', 280),
(281, 'HTC', 'Suite 92', 'Visby', '621 90', 281),
(282, 'Samsung', 'Suite 41', 'Castillos', '', 282),
(283, 'Sony', '14th Floor', 'Bełsznica', '44-362', 283),
(284, 'Lenovo', '6th Floor', 'Llocllapampa', '', 284),
(285, 'ZTE', 'Room 1105', 'Pulian', '', 285),
(286, 'Samsung', 'Room 1431', 'Gradishtë', '', 286),
(287, 'BLU', 'PO Box 88706', 'Lobanovo', '614532', 287),
(288, 'Micromax', 'PO Box 80503', 'Sigaboy', '7116', 288),
(289, 'Motorola', 'Suite 33', 'Ube', '752-0923', 289),
(290, 'Sharp', '11th Floor', 'Pećigrad', '', 290),
(291, 'Motorola', 'Apt 480', 'Malanje', '', 291),
(292, 'Yezz', 'Suite 35', 'Banjar Petak', '', 292),
(293, 'Sony', '2nd Floor', 'Tsubata', '929-0323', 293),
(294, 'Xiaomi', 'PO Box 32347', 'Casilda', '2170', 294),
(295, 'Nokia', '17th Floor', 'Rrapë', '', 295),
(296, 'HTC', '9th Floor', 'Marseille', '13316 CEDEX 15', 296),
(297, 'Apple', 'PO Box 28607', 'Ochakovo-Matveyevskoye', '249028', 297),
(298, 'BLU', 'Room 1679', 'Haunubenak', '', 298),
(299, 'Realme', 'Suite 88', 'Jianyangping', '', 299),
(300, 'Qtek', 'Suite 22', 'Novotitarovskaya', '353210', 300),
(301, 'QMobile', '5th Floor', 'Kalmar', '393 53', 301),
(302, 'Yezz', 'Apt 579', 'Pershotravneve', '', 302),
(303, 'Nokia', 'Apt 503', 'Kudusan', '', 303),
(304, 'Energizer', 'PO Box 13575', 'Rongxiang', '', 304),
(305, 'Ericsson', 'Room 69', 'Sandymount', 'D04', 305),
(306, 'Huawei', '6th Floor', 'Bělá pod Bezdězem', '294 21', 306),
(307, 'Samsung', 'Room 648', 'Loukísia', '', 307),
(308, 'Gionee', 'PO Box 63796', 'Kanthararom', '33130', 308),
(309, 'Nokia', 'Suite 81', 'Eastern Suburbs Mc', '1391', 309),
(310, 'HTC', 'PO Box 14292', 'Kihangara', '', 310),
(311, 'QMobile', '13th Floor', 'Tanjung Kidul', '', 311),
(312, 'Archos', 'Room 580', 'Trstenik', '', 312),
(313, 'Icemobile', 'Room 922', 'Sezemice', '533 04', 313),
(314, 'Huawei', 'Suite 2', 'Metsamor', '', 314),
(315, 'Allview', '19th Floor', 'Haparanda', '953 34', 315),
(316, 'Samsung', 'Apt 1034', 'La Plata', '416067', 316),
(317, 'Samsung', 'Suite 16', 'Biggar', 'N1S', 317),
(318, 'Samsung', 'Suite 13', 'Cabo', '95335-000', 318),
(319, 'Lenovo', 'Room 896', 'Hässelby', '165 60', 319),
(320, 'Qtek', 'Room 697', 'Tamarindo', '', 320),
(321, 'Xiaomi', 'PO Box 63297', 'Lagdo', '', 321),
(322, 'Orange', '7th Floor', 'Grazhdanskoye', '363104', 322),
(323, 'Huawei', 'Suite 1', 'Shymkent', '', 323),
(324, 'Samsung', '15th Floor', 'Farap', '', 324),
(325, 'alcatel', 'Suite 18', 'Blobo', '', 325),
(326, 'Celkon', 'Suite 89', 'Klang', '41200', 326),
(327, 'verykool', 'Suite 73', 'Picton', '7250', 327),
(328, 'BLU', '12th Floor', 'Longbu', '', 328),
(329, 'Micromax', '19th Floor', 'New York City', '10270', 329),
(330, 'BLU', 'PO Box 96467', 'Xinlin', '', 330),
(331, 'Oppo', '5th Floor', 'Repki', '08-307', 331),
(332, 'HTC', 'PO Box 24319', 'Tinogasta', '5340', 332),
(333, 'Motorola', '20th Floor', 'Rungis', '94636 CEDEX 1', 333),
(334, 'Motorola', 'PO Box 79896', 'Shanmu', '', 334),
(335, 'Maxwest', 'Room 757', 'Örnsköldsvik', '891 41', 335),
(336, 'LG', '18th Floor', 'El Chol', '15006', 336),
(337, 'Samsung', 'Suite 38', 'Talin Hiag', '', 337),
(338, 'Sony', 'Apt 191', 'Pylaía', '', 338),
(339, 'Sony', 'Room 1017', 'San Carlos', '', 339),
(340, 'Samsung', 'Suite 44', 'Ciparakan', '', 340),
(341, 'verykool', '4th Floor', 'Pelópion', '', 341),
(342, 'Pantech', 'Suite 91', 'Campos Belos', '73840-000', 342),
(343, 'LG', 'Room 460', 'San Antonio', '735538', 343),
(344, 'HTC', 'Room 146', 'Santo António das Areias', '7330-254', 344),
(345, 'BlackBerry', 'Suite 35', 'Paris 02', '75096 CEDEX 02', 345),
(346, 'HTC', 'Room 232', 'Xingfu', '', 346),
(347, 'Samsung', 'PO Box 14800', 'Barra de São Francisco', '29800-000', 347),
(348, 'LG', 'Suite 81', 'Pomar', '4950-332', 348),
(349, 'Samsung', 'Room 1394', 'Al Buţayḩah', '', 349),
(350, 'Yezz', 'Apt 1962', 'Oslo', '0216', 350),
(351, 'LG', '2nd Floor', 'Banjar Sedang', '', 351),
(352, 'Nokia', 'Apt 1850', 'Vítkov', '749 01', 352),
(353, 'Oppo', '11th Floor', 'Cotaparaco', '', 353),
(354, 'Siemens', '10th Floor', 'Tawangsari', '', 354),
(355, 'Huawei', 'Apt 1381', 'Reni', '', 355),
(356, 'Pantech', 'Apt 930', 'Huangmao', '', 356),
(357, 'HTC', 'Suite 77', 'Zhubei', '', 357),
(358, 'Oppo', '20th Floor', 'Energeticheskiy', '', 358),
(359, 'Xiaomi', 'Apt 1789', 'Koryukivka', '', 359),
(360, 'Motorola', 'Suite 10', 'Inowrocław', '88-115', 360),
(361, 'Motorola', 'PO Box 21900', 'Suibara', '959-2013', 361),
(362, 'LG', 'Room 471', 'Huangmu', '', 362),
(363, 'Gionee', 'Room 64', 'Trollhättan', '461 63', 363),
(364, 'Gionee', 'Apt 1824', 'Nysa', '48-304', 364),
(365, 'NEC', 'Apt 1896', 'Warungsugan', '', 365),
(366, 'Lenovo', 'PO Box 86156', 'San Antonio', '47336', 366),
(367, 'Plum', 'Apt 760', 'Xiaojinkou', '', 367),
(368, 'XOLO', 'Apt 1636', 'Datarsitu', '', 368),
(369, 'Panasonic', 'Room 440', 'Alīābad', '15600', 369),
(370, 'Micromax', 'Room 387', 'Huanghu', '', 370),
(371, 'alcatel', 'Apt 45', 'Mempawah', '', 371),
(372, 'LG', 'PO Box 2628', 'Kainantu', '', 372),
(373, 'Motorola', '7th Floor', 'Belišće', '31551', 373),
(374, 'LG', 'Room 1360', 'Portela', '4690-300', 374),
(375, 'Motorola', 'Room 1659', 'New York City', '10009', 375),
(376, 'alcatel', 'Suite 91', 'Lille', '59007 CEDEX', 376),
(377, 'Vodafone', 'Apt 1266', 'Abdurahmoni Jomí', '', 377),
(378, 'Wiko', 'Suite 89', 'Sabana Grande de Boyá', '10136', 378),
(379, 'Nokia', 'Room 1556', 'Cibulakan', '', 379),
(380, 'Motorola', 'PO Box 96824', 'San Isidro', '45147', 380),
(381, 'Honor', 'Suite 36', 'Qeshm', '', 381),
(382, 'Nokia', '12th Floor', 'Pakapasan Girang', '', 382),
(383, 'Coolpad', '10th Floor', 'Inda Silasē', '', 383),
(384, 'LG', '12th Floor', 'Ostroróg', '02-072', 384),
(385, 'Samsung', '11th Floor', 'Masaran', '', 385),
(386, 'Philips', '7th Floor', 'Hněvotín', '783 47', 386),
(387, 'alcatel', 'Room 929', 'Huyuan', '', 387),
(388, 'Allview', 'PO Box 5592', 'Měnín', '664 57', 388),
(389, 'Eten', 'Suite 22', 'Elimäki', '47201', 389),
(390, 'Nokia', 'Apt 1627', 'Vitanje', '3205', 390),
(391, 'Celkon', '8th Floor', 'Şānūr', '', 391),
(392, 'BLU', 'Room 1036', 'Ladozhskaya', '352320', 392),
(393, 'Gionee', 'PO Box 51341', 'Gongnong', '', 393),
(394, 'Vertu', 'PO Box 29997', 'Severoural’sk', '624486', 394),
(395, 'vivo', 'Apt 1084', 'Ewirgol', '', 395),
(396, 'Lava', 'PO Box 93913', 'Xijiang', '', 396),
(397, 'i-mate', 'Room 1862', 'Téra', '', 397),
(398, 'Motorola', 'Room 1065', 'Klutuk', '', 398),
(399, 'vivo', 'Room 25', 'Dubiecko', '37-750', 399),
(400, 'LG', 'Apt 1720', 'Yangjia', '', 400),
(401, 'Tecno', 'PO Box 8501', 'Potoci', '', 401),
(402, 'Lenovo', 'Apt 1428', 'Paris 19', '75929 CEDEX 19', 402),
(403, 'LG', 'Room 580', 'Fontaínhas', '2300-174', 403),
(404, 'Sony', 'PO Box 60828', 'Florencia', '195047', 404),
(405, 'O2', 'Room 1913', 'Três Rios', '25800-000', 405),
(406, 'Nokia', 'Room 10', 'Cañuelas', '1814', 406),
(407, 'Tel.Me.', 'Room 371', 'Dongkan', '', 407),
(408, 'Micromax', 'Suite 81', 'Youchou', '', 408),
(409, 'Lenovo', 'PO Box 61142', 'Corozal', '705039', 409),
(410, 'Sony', 'Apt 1723', 'Kashihara-shi', '639-2244', 410),
(411, 'T-Mobile', 'Room 291', 'Dukuhsia', '', 411),
(412, 'Nokia', 'Suite 49', 'Dayton', '45440', 412),
(413, 'Samsung', '6th Floor', 'Jiazhuang', '', 413),
(414, 'LG', 'Suite 50', 'Ḩalḩūl', '', 414),
(415, 'Acer', 'Suite 83', 'San Isidro', '8421', 415),
(416, 'Samsung', 'PO Box 91847', 'Haradzishcha', '', 416),
(417, 'Toshiba', '4th Floor', 'Kipen’', '188516', 417),
(418, 'Acer', 'Room 980', 'Mondoteko', '', 418),
(419, 'Plum', '4th Floor', 'Shajia’ao', '', 419),
(420, 'Palm', '3rd Floor', 'Krasni Okny', '', 420),
(421, 'Maxwest', 'PO Box 41972', 'Kanoni', '', 421),
(422, 'LG', 'PO Box 22812', 'Néa Plágia', '', 422),
(423, 'Unnecto', '1st Floor', 'Vohibinany', '', 423),
(424, 'HTC', 'Apt 798', 'Syriam', '', 424),
(425, 'Samsung', 'Room 1856', 'Teplice', '415 01', 425),
(426, 'Nokia', 'Apt 249', 'Ten’gushevo', '607343', 426),
(427, 'Samsung', 'Room 1373', 'Fusagasuga', '252219', 427),
(428, 'BLU', 'Apt 1671', 'San José de Río Tinto', '', 428),
(429, 'Samsung', 'Room 1988', 'Gorshechnoye', '307425', 429),
(430, 'Celkon', 'Room 797', 'El Cantón de San Pablo', '055448', 430),
(431, 'Samsung', '16th Floor', 'Jilin', '', 431),
(432, 'ZTE', 'Suite 38', 'Älvsjö', '125 25', 432),
(433, 'Lava', 'Room 1911', 'Skhodnitsa', '', 433),
(434, 'ZTE', 'Apt 1393', 'Abaeté', '35620-000', 434),
(435, 'Motorola', 'Apt 546', 'Rájec-Jestřebí', '666 01', 435),
(436, 'Micromax', 'Room 1565', 'Baiquan', '', 436),
(437, 'vivo', 'Room 1695', 'Gubeikou', '', 437),
(438, 'Lenovo', 'PO Box 10163', 'Pavlogradka', '646760', 438),
(439, 'BQ', 'PO Box 17507', 'Strzelce', '99-307', 439),
(440, 'Micromax', 'Suite 34', 'Bilajer', '', 440),
(441, 'ZTE', 'Suite 71', 'Antananarivo', '', 441),
(442, 'alcatel', 'PO Box 45013', 'Bielefeld', '33619', 442),
(443, 'ZTE', 'PO Box 84346', 'Taurage', '72001', 443),
(444, 'Bird', 'PO Box 31735', 'Lecherías', '', 444),
(445, 'Samsung', 'PO Box 19672', 'Longshan', '', 445),
(446, 'Sony', '7th Floor', 'Colonia Elía', '3261', 446),
(447, 'Amoi', 'Apt 570', 'Pulap', '', 447),
(448, 'Huawei', '4th Floor', 'Aubagne', '13674 CEDEX', 448),
(449, 'Wiko', 'Suite 84', 'Bang Mun Nak', '66120', 449),
(450, 'Yezz', 'Apt 80', 'Nanlin', '', 450),
(451, 'Motorola', 'Suite 9', 'Oklahoma City', '73190', 451),
(452, 'HTC', '2nd Floor', 'Ostrožac', '', 452),
(453, 'Sony', 'Apt 1608', 'Lleida', '25198', 453),
(454, 'Huawei', 'Suite 31', 'Baishuitan', '', 454),
(455, 'Meizu', 'Room 1777', 'Cikulahan', '', 455),
(456, 'Celkon', '18th Floor', 'Naagas', '1413', 456),
(457, 'BlackBerry', 'Apt 195', 'Baicun', '', 457),
(458, 'NEC', '9th Floor', 'Mossel Bay', '6511', 458),
(459, 'Micromax', '6th Floor', 'Cujillo', '', 459),
(460, 'Panasonic', '3rd Floor', 'Lamduan', '76000', 460),
(461, 'Realme', 'Suite 75', 'Saransk', '430910', 461),
(462, 'Nokia', 'Apt 130', 'Jintan', '', 462),
(463, 'Panasonic', 'PO Box 60114', 'Badeggi', '', 463),
(464, 'Benefon', 'Room 1060', 'Örebro', '700 09', 464),
(465, 'ZTE', 'Room 825', 'Dalu', '', 465),
(466, 'XOLO', 'PO Box 17819', 'Humble', '77346', 466),
(467, 'Nokia', 'Apt 552', 'Foxton', '4848', 467),
(468, 'Maxon', '3rd Floor', 'Laizhou', '', 468),
(469, 'Yezz', 'Suite 13', 'Chuqui Chuqui', '', 469),
(470, 'Gigabyte', 'Suite 52', 'Suay', '8708', 470),
(471, 'LG', 'Room 428', 'Cockburn Town', '', 471),
(472, 'Mitsubishi', '7th Floor', 'Vänersborg', '462 42', 472),
(473, 'LG', 'Room 1299', 'Rennes', '35059 CEDEX', 473),
(474, 'Allview', 'PO Box 83238', 'Ngembel', '', 474),
(475, 'LG', 'Room 176', 'Umpak', '', 475),
(476, 'Google', 'PO Box 38152', 'Baghdad', '', 476),
(477, 'HTC', 'Room 1518', 'Sukonolo Krajan', '', 477),
(478, 'Huawei', '3rd Floor', 'Labansari', '', 478),
(479, 'ZTE', 'Suite 45', 'Świdwin', '78-301', 479),
(480, 'BQ', 'Suite 76', 'Frydek', '43-229', 480),
(481, 'Tecno', 'Room 1442', 'Jurangjero', '', 481),
(482, 'Samsung', 'PO Box 22780', 'Valencia', '', 482),
(483, 'Gionee', 'Suite 35', 'Zhulebino', '140074', 483),
(484, 'Gigabyte', 'Room 146', 'Sukasenang', '', 484),
(485, 'BLU', 'Room 293', 'Lillooet', 'H9G', 485),
(486, 'O2', 'Room 1223', 'Shali', '366309', 486),
(487, 'Yezz', 'PO Box 45628', 'Hantara', '', 487),
(488, 'Micromax', 'Apt 813', 'Lingbei', '', 488),
(489, 'Unnecto', '1st Floor', 'Holboo', '', 489),
(490, 'LG', 'Room 1040', 'Castanhal', '68740-000', 490),
(491, 'Xiaomi', '3rd Floor', 'Futu', '', 491),
(492, 'Infinix', 'Room 1116', 'Santo Domingo', '4508', 492),
(493, 'ZTE', 'Apt 327', 'Kalunan', '', 493),
(494, 'BLU', '13th Floor', 'Kalutara', '12000', 494),
(495, 'LG', 'PO Box 67418', 'Assiniboia', 'H3C', 495),
(496, 'Honor', 'Room 1900', 'Romans-sur-Isère', '26109 CEDEX', 496),
(497, 'HTC', 'Room 679', 'Rudziczka', '43-267', 497),
(498, 'Meizu', 'PO Box 75005', 'Navashino', '347417', 498),
(499, 'i-mate', '9th Floor', 'Novaya Usman’', '396310', 499),
(500, 'Nokia', 'Room 1931', 'Puerto Iguazú', '3370', 500),
(501, 'Apple', 'Room 136', 'Horton', 'BS37', 501),
(502, 'alcatel', 'PO Box 95608', 'Annan', '', 502),
(503, 'HTC', 'Apt 1302', 'São Pedro', '3090-748', 503),
(504, 'Realme', 'Suite 62', 'Shinaihai', '', 504),
(505, 'Siemens', '5th Floor', 'Sangumata', '', 505),
(506, 'Nokia', 'Room 925', 'Chengxi', '', 506),
(507, 'Maxwest', 'Apt 1460', 'Ipueiras', '77553-000', 507),
(508, 'Samsung', '8th Floor', 'Sarkanjut', '', 508),
(509, 'Philips', 'PO Box 12596', 'Pasauran', '', 509),
(510, 'alcatel', '2nd Floor', 'Náchod', '547 01', 510),
(511, 'LG', 'Apt 703', 'Sobinka', '601240', 511),
(512, 'Apple', '16th Floor', 'Trinidad', '', 512),
(513, 'BlackBerry', 'Room 1977', 'Kedung', '', 513),
(514, 'Lava', 'Apt 343', 'Sinyavino', '187327', 514),
(515, 'Sony', 'Room 1581', 'Zhouji', '', 515),
(516, 'Sonim', 'Room 1139', 'Miribanteng', '', 516),
(517, 'Bird', 'Apt 909', 'Dārayyā', '', 517),
(518, 'Archos', 'Suite 46', 'Nanlang', '', 518),
(519, 'BLU', 'Suite 99', 'Kimje', '', 519),
(520, 'Spice', '1st Floor', 'Ostrów Lubelski', '21-110', 520),
(521, 'Samsung', 'Apt 1956', 'Sovetskaya', '692854', 521),
(522, 'Huawei', '13th Floor', 'Urzuf', '', 522),
(523, 'Prestigio', 'Suite 33', 'Jijiga', '', 523),
(524, 'Samsung', 'Room 1834', 'Baunu-Timbangan', '7407', 524),
(525, 'Sewon', 'Apt 1064', 'Ishinomaki', '986-2344', 525),
(526, 'LG', 'Suite 20', 'Hobor', '', 526),
(527, 'Celkon', 'Apt 1430', 'la Massana', 'AD400', 527),
(528, 'Lenovo', 'Suite 18', 'Atlanta', '30351', 528),
(529, 'Posh', '4th Floor', 'Yangxu', '', 529),
(530, 'Honor', '13th Floor', 'Tanjung Raja', '', 530),
(531, 'ZTE', 'Suite 89', 'Xiaozhen', '', 531),
(532, 'Spice', '1st Floor', 'Wanlongshan', '', 532),
(533, 'BLU', '8th Floor', 'Askim', '436 23', 533),
(534, 'vivo', 'Room 1978', 'Meikeng', '', 534),
(535, 'Motorola', 'Suite 42', 'Benhong', '', 535),
(536, 'Xiaomi', 'Suite 77', 'Graz', '8042', 536),
(537, 'Oppo', 'PO Box 53416', 'Yidu', '', 537),
(538, 'Samsung', 'PO Box 57895', 'Newala Kisimani', '', 538),
(539, 'LG', 'Room 898', 'Tanda', '', 539),
(540, 'O2', 'Suite 74', 'Těšany', '664 54', 540),
(541, 'Samsung', '7th Floor', 'Río Grande', '9420', 541),
(542, 'Google', 'Apt 202', 'Dapchi', '', 542),
(543, 'Micromax', 'Apt 1537', 'Miaoqian', '', 543),
(544, 'Tecno', 'Apt 1135', 'Kumla', '692 32', 544),
(545, 'Asus', 'Room 413', 'Luzhany', '', 545),
(546, 'Xiaomi', 'Suite 88', 'Al Ḩawāmidīyah', '', 546),
(547, 'Motorola', 'Suite 21', 'Las Matas de Santa Cruz', '10507', 547),
(548, 'Emporia', 'PO Box 43550', 'Kungsbacka', '434 38', 548),
(549, 'Samsung', 'Room 440', 'Vasylkiv', '', 549),
(550, 'Mitac', 'Apt 1747', 'Steinsel', 'L-7346', 550),
(551, 'Karbonn', 'PO Box 89995', 'Morshansk', '442283', 551),
(552, 'Bird', 'Apt 632', 'Zhangdian', '', 552),
(553, 'Motorola', 'Suite 83', 'Gwanda', '', 553),
(554, 'vivo', 'PO Box 49745', 'Zhenhai', '', 554),
(555, 'Samsung', 'Room 1305', 'Paris 15', '75509 CEDEX 15', 555),
(556, 'Thuraya', 'Room 1138', 'Francisco Morato', '07900-000', 556),
(557, 'Vodafone', '3rd Floor', 'Mao', '10903', 557),
(558, 'Realme', 'Room 1236', 'Valle de Ángeles', '', 558),
(559, 'Vertu', 'Apt 1919', 'Sanli', '', 559),
(560, 'LG', 'PO Box 12213', 'Battaramulla South', '10600', 560),
(561, 'Haier', 'Apt 671', 'Carauari', '69500-000', 561),
(562, 'Apple', '20th Floor', 'Cacheu', '', 562),
(563, 'Lava', 'Room 752', 'Genisséa', '', 563),
(564, 'Micromax', 'Apt 880', 'Telgawah', '', 564),
(565, 'Sagem', 'Apt 1440', 'Bonoua', '', 565),
(566, 'Vodafone', 'Suite 75', 'Kōfu-shi', '409-3841', 566),
(567, 'HTC', '19th Floor', 'Zharkent', '', 567),
(568, 'Philips', 'Suite 30', 'Kemiri', '', 568),
(569, 'Motorola', '14th Floor', 'Guanyinsi', '', 569),
(570, 'Micromax', '15th Floor', 'Corani', '', 570),
(571, 'Nokia', 'Suite 31', 'Castro', '84160-000', 571),
(572, 'Tecno', 'Suite 66', 'Ormstown', 'J0S', 572),
(573, 'Asus', 'PO Box 716', 'Insrom', '', 573),
(574, 'HTC', 'PO Box 22666', 'Mosteiro', '4980-125', 574),
(575, 'Huawei', 'Suite 52', 'Conchopata', '', 575),
(576, 'LG', 'Room 17', 'Cruzeiro do Sul', '95930-000', 576),
(577, 'ZTE', 'PO Box 30518', 'Aryiropoúlion', '', 577),
(578, 'Siemens', 'Apt 1332', 'Tvrdonice', '691 53', 578),
(579, 'Micromax', 'Apt 1810', 'Géfyra', '', 579),
(580, 'Huawei', 'Apt 127', 'Melíssi', '', 580),
(581, 'Apple', 'Room 258', 'Carodok', '', 581),
(582, 'Sony', 'Apt 1493', 'Massaguet', '', 582),
(583, 'Motorola', 'PO Box 99611', 'Changxi', '', 583),
(584, 'vivo', 'Apt 1682', 'Sogati', '', 584),
(585, 'alcatel', 'PO Box 78885', 'Toungo', '', 585),
(586, 'alcatel', 'Apt 245', 'Yao', '701-0301', 586),
(587, 'Xiaomi', 'PO Box 93787', 'Bochum', '44869', 587),
(588, 'Sony', 'Apt 958', 'Jiazhi', '', 588),
(589, 'LG', 'Suite 46', 'Terezín', '788 14', 589),
(590, 'Coolpad', 'Apt 208', 'Huolu', '', 590),
(591, 'Samsung', '15th Floor', 'Žalec', '3310', 591),
(592, 'alcatel', '17th Floor', 'Retreat', '7947', 592),
(593, 'XOLO', 'PO Box 42999', 'Ashford', 'H12', 593),
(594, 'Samsung', 'Suite 58', 'Oljoq', '', 594),
(595, 'alcatel', 'Suite 64', 'Madona', '', 595),
(596, 'alcatel', 'Apt 1326', 'Don Carlos', '8712', 596),
(597, 'Intex', 'Suite 11', 'Osnabrück', '49082', 597),
(598, 'HTC', 'Room 14', 'Marang', '', 598),
(599, 'LG', 'Suite 22', 'Managua', '', 599),
(600, 'XOLO', 'PO Box 95724', 'Arapiraca', '57300-000', 600),
(601, 'Micromax', 'PO Box 27627', 'Oslo', '0123', 601),
(602, 'LG', 'Apt 736', 'Himeville', '3652', 602),
(603, 'Samsung', 'Apt 1954', 'Mouzáki', '', 603),
(604, 'Huawei', '4th Floor', 'München', '80686', 604),
(605, 'Karbonn', '5th Floor', 'Linares', '522508', 605),
(606, 'LG', 'Apt 133', 'Sokolniki', '98-420', 606),
(607, 'Huawei', 'Apt 1371', 'Tielong', '', 607),
(608, 'Philips', 'PO Box 25909', 'Krayen', '', 608),
(609, 'Pantech', 'Apt 717', 'Tengqiao', '', 609),
(610, 'NIU', '20th Floor', 'Luopioinen', '36760', 610),
(611, 'Allview', '5th Floor', 'København', '1676', 611),
(612, 'Energizer', 'Suite 19', 'Aguilares', '4152', 612),
(613, 'Samsung', 'Suite 20', 'Norrtälje', '761 31', 613),
(614, 'Pantech', '2nd Floor', 'Momignies', '6594', 614),
(615, 'Kyocera', 'Room 82', 'Rudnya', '403602', 615),
(616, 'Lava', 'PO Box 5287', 'Portela', '2430-162', 616),
(617, 'Nokia', 'Room 752', 'Kyprínos', '', 617),
(618, 'Sendo', 'Apt 484', 'Banjar Serangan', '', 618),
(619, 'LG', '20th Floor', 'Lũng Hồ', '', 619),
(620, 'Motorola', 'Room 115', 'Tyvriv', '', 620),
(621, 'Nokia', 'Room 1504', 'Hrvace', '21233', 621),
(622, 'LG', 'PO Box 66394', 'Haixing', '', 622),
(623, 'Micromax', 'Apt 1506', 'Tanjay', '6203', 623),
(624, 'Lenovo', 'Apt 1065', 'Fenghua', '', 624),
(625, 'Philips', '4th Floor', 'Wenfang', '', 625),
(626, 'verykool', 'PO Box 37669', 'Poteran', '', 626),
(627, 'Samsung', 'PO Box 23694', 'Nokaneng', '', 627),
(628, 'Lenovo', 'Suite 62', 'Nora', '713 80', 628),
(629, 'ZTE', '19th Floor', 'Alca', '', 629),
(630, 'vivo', 'Room 1528', 'Pangkungparuk', '', 630),
(631, 'Sagem', '13th Floor', 'Iperó', '18560-000', 631),
(632, 'Nokia', '15th Floor', 'Houston', '77281', 632),
(633, 'Bird', 'Suite 42', 'Paombong', '3001', 633),
(634, 'Nokia', 'Apt 822', 'Muldersdriseloop', '3250', 634),
(635, 'Lenovo', 'Apt 1358', 'Tanrake Village', '', 635),
(636, 'QMobile', 'Apt 1268', 'Granja', '2425-009', 636),
(637, 'Nokia', 'Suite 68', 'Ciudad del Este', '', 637),
(638, 'Panasonic', 'PO Box 78212', 'Kuala Lumpur', '50990', 638),
(639, 'LG', 'Suite 41', 'Fuyu', '', 639),
(640, 'Celkon', 'Suite 13', 'Montbéliard', '25204 CEDEX', 640),
(641, 'Panasonic', '17th Floor', 'Sanhui', '', 641),
(642, 'Samsung', 'PO Box 91641', 'Kirovohrad', '', 642),
(643, 'VK', 'PO Box 25546', 'Calapan', '5200', 643),
(644, 'Spice', 'Apt 1957', 'Banī Khaddāsh', '', 644),
(645, 'Apple', 'Apt 1457', 'Saky', '', 645),
(646, 'Huawei', 'Apt 1773', 'Gapan', '3109', 646),
(647, 'Huawei', '1st Floor', 'Shikhany', '412950', 647),
(648, 'Samsung', '7th Floor', 'Ayaviri', '', 648),
(649, 'Maxon', 'Suite 78', 'Boleiros', '2495-313', 649),
(650, 'Lava', 'Suite 74', 'Ar Ru’ays', '', 650),
(651, 'Asus', 'Apt 809', 'Denton', '76205', 651),
(652, 'LG', 'Suite 93', 'Yanjiang', '', 652),
(653, 'Asus', 'Room 919', 'Facatativá', '253017', 653),
(654, 'LG', 'PO Box 10556', 'Zhouzhuang', '', 654),
(655, 'LG', 'PO Box 1327', 'Eiguliai', '56001', 655),
(656, 'Nokia', 'PO Box 3086', 'Mâcon', '71009 CEDEX', 656),
(657, 'T-Mobile', 'PO Box 49201', 'Turtas', '626190', 657),
(658, 'Samsung', 'Room 42', 'Borås', '506 46', 658),
(659, 'Realme', 'Suite 53', 'Olinda', '53000-000', 659),
(660, 'Allview', 'Suite 26', 'Newark', '07104', 660),
(661, 'Oppo', 'PO Box 43316', 'Val-d\'Or', 'J9P', 661),
(662, 'Xiaomi', 'Room 1290', 'Utsunomiya-shi', '329-1117', 662),
(663, 'Plum', '6th Floor', 'Guanqian', '', 663),
(664, 'LG', 'PO Box 27975', 'Gracias', '', 664),
(665, 'Sony', '17th Floor', 'La Cruz', '521028', 665),
(666, 'Spice', 'Apt 840', 'Pando', '2826', 666),
(667, 'Samsung', 'Apt 646', 'Aswan', '', 667),
(668, 'LG', '6th Floor', 'El Bauga', '', 668),
(669, 'Asus', 'Suite 13', 'Kotuń', '08-130', 669),
(670, 'Philips', 'Apt 1778', 'Quwaysinā', '', 670),
(671, 'Ericsson', 'Room 659', 'Yaodu', '', 671),
(672, 'Asus', '15th Floor', 'Orléans', '45063 CEDEX 2', 672),
(673, 'Samsung', '13th Floor', 'Fundong', '', 673),
(674, 'Nokia', 'Suite 54', 'Heerlen', '6414', 674),
(675, 'Samsung', '16th Floor', 'Sumbe', '', 675),
(676, 'Nokia', '8th Floor', 'Tlogowetan', '', 676),
(677, 'HTC', 'PO Box 41902', 'Marsh Harbour', '', 677),
(678, 'LG', 'Suite 59', 'Hövsan', '', 678),
(679, 'Plum', 'Room 1048', 'Xuelu', '', 679),
(680, 'Nokia', 'Suite 31', 'Bulahblangaro', '', 680),
(681, 'Spice', 'PO Box 18161', 'Cergy-Pontoise', '95021 CEDEX', 681),
(682, 'LG', '19th Floor', 'Sartana', '', 682),
(683, 'Oppo', 'Apt 1804', 'Topolná', '687 11', 683),
(684, 'Lenovo', '8th Floor', 'Magnitka', '456950', 684),
(685, 'LG', 'Room 1126', 'Nagaoka', '999-2222', 685),
(686, 'Allview', 'Room 1721', 'Weda', '', 686),
(687, 'Lenovo', 'Apt 1007', 'Long Loreh', '', 687),
(688, 'Realme', 'Suite 83', 'Potulando', '', 688),
(689, 'alcatel', 'PO Box 64907', 'Krasnyy Profintern', '161213', 689),
(690, 'Plum', 'Room 980', 'Novovasylivka', '', 690),
(691, 'Samsung', 'PO Box 7651', 'Devitsa', '397815', 691),
(692, 'Archos', 'Room 1931', 'Huaidian', '', 692),
(693, 'Samsung', 'Room 1071', 'Pizhanka', '613380', 693),
(694, 'Samsung', 'Suite 77', 'Bordeaux', '33733 CEDEX 9', 694),
(695, 'BLU', 'Apt 532', 'Abrantes', '2200-003', 695),
(696, 'Samsung', 'PO Box 88146', 'Magistral’nyy', '666504', 696),
(697, 'ZTE', 'PO Box 65297', 'Fengsheng', '', 697),
(698, 'Sony', 'Apt 888', 'El Espino', '', 698),
(699, 'ZTE', 'Room 673', 'Lincoln', '68505', 699),
(700, 'Nokia', '7th Floor', 'Taupo', '3352', 700),
(701, 'Plum', 'Apt 1961', 'Weizheng', '', 701),
(702, 'Xiaomi', 'PO Box 23853', 'Erdu', '', 702),
(703, 'BLU', 'Suite 14', 'Palopo', '', 703),
(704, 'Asus', 'Room 1746', 'Malianchuan', '', 704),
(705, 'Orange', 'Suite 62', 'Maní', '854019', 705),
(706, 'Honor', '4th Floor', 'Fkih Ben Salah', '', 706),
(707, 'Asus', 'PO Box 83426', 'Guariba', '14840-000', 707),
(708, 'Samsung', 'PO Box 98893', 'Berdyans’k', '', 708),
(709, 'Spice', 'PO Box 13844', 'Zhougang', '', 709),
(710, 'Sony', 'Apt 1412', 'Opol', '9016', 710),
(711, 'alcatel', 'PO Box 3165', 'Pétionville', '', 711),
(712, 'Nokia', 'PO Box 86042', 'La Paz', '', 712),
(713, 'Panasonic', '19th Floor', 'Tucheng', '', 713),
(714, 'Nokia', 'Room 266', 'Ares Tengah', '', 714),
(715, 'HTC', 'Apt 1865', 'Dashtobod', '', 715),
(716, 'LG', 'Suite 2', 'Bilar', '6317', 716),
(717, 'Allview', 'Suite 14', 'Juršinci', '2256', 717),
(718, 'Samsung', 'Suite 53', 'Morrelgonj', '3807', 718),
(719, 'LG', 'Suite 85', 'Xinfa', '', 719),
(720, 'Spice', 'Apt 1977', 'Delft', '2624', 720),
(721, 'BlackBerry', 'Room 1387', 'Shchūchīnsk', '', 721),
(722, 'Nokia', 'Room 330', 'Longxi', '', 722),
(723, 'Motorola', 'Apt 1924', 'Pervomays’ke', '', 723),
(724, 'ZTE', 'Apt 2', 'Louisville', '40205', 724),
(725, 'Samsung', '18th Floor', 'Niedźwiedź', '34-735', 725),
(726, 'Realme', 'Suite 31', 'Curpahuasi', '', 726),
(727, 'Acer', 'PO Box 1972', 'Cajamarca', '', 727),
(728, 'LG', '9th Floor', 'Buenos Aires', '83344', 728),
(729, 'Panasonic', '13th Floor', 'Cheqiao', '', 729),
(730, 'Sony', '9th Floor', 'Sepit', '', 730),
(731, 'alcatel', 'Apt 512', 'Pingdu', '', 731),
(732, 'Lenovo', 'Apt 476', 'Postoloprty', '439 42', 732),
(733, 'Lenovo', 'Room 944', 'Henggouqiao', '', 733),
(734, 'Haier', 'Room 1541', 'Paris 08', '75367 CEDEX 08', 734),
(735, 'Nokia', '3rd Floor', 'Marly-le-Roi', '78165 CEDEX', 735),
(736, 'Archos', 'Suite 44', 'Banqiao', '', 736),
(737, 'Philips', '1st Floor', 'Plaza de Caisán', '', 737),
(738, 'Pantech', 'Room 1879', 'Shilin', '', 738),
(739, 'HTC', 'Room 251', 'Kebonagung', '', 739),
(740, 'Samsung', 'Apt 1183', 'Tsaghkaber', '', 740),
(741, 'Haier', 'Room 1304', 'Şuraabad', '', 741),
(742, 'LG', 'Suite 86', 'Kongwan', '', 742),
(743, 'Asus', 'Apt 976', 'Cerro de Pasco', '', 743),
(744, 'Motorola', 'Suite 39', 'Zaolin', '', 744),
(745, 'Asus', '12th Floor', 'Port-aux-Français', '', 745),
(746, 'Motorola', 'Room 218', 'Mingyuedian', '', 746),
(747, 'Siemens', 'Room 1960', 'Mthatha', '5127', 747),
(748, 'BLU', 'Suite 32', 'Guantian', '', 748),
(749, 'Nokia', 'Apt 759', 'Kangmei', '', 749),
(750, 'Celkon', 'Room 1655', 'Xushangqiao', '', 750),
(751, 'Philips', 'Suite 76', 'Phon Charoen', '43180', 751),
(752, 'Nokia', 'Suite 98', 'Paizhou', '', 752),
(753, 'ZTE', 'Room 15', 'Santa María Chiquimula', '08006', 753),
(754, 'ZTE', 'Apt 1783', 'Trancas', '4124', 754),
(755, 'HTC', 'Room 1717', 'Castelo de Vide', '7320-105', 755),
(756, 'Gigabyte', 'Suite 10', 'Qimeng', '', 756),
(757, 'BLU', 'Suite 88', 'Hetian', '', 757),
(758, 'Lenovo', 'PO Box 72377', 'Angered', '424 31', 758),
(759, 'Maxwest', 'Suite 28', 'Jargalant', '', 759),
(760, 'alcatel', 'PO Box 26021', 'Figueiredo', '4705-722', 760),
(761, 'Motorola', 'PO Box 60633', 'Machang', '', 761),
(762, 'Samsung', '13th Floor', 'La Plata', '5713', 762),
(763, 'LG', '17th Floor', 'Gurbuki', '368547', 763),
(764, 'Bird', 'Suite 75', 'Marigot', '', 764),
(765, 'HTC', 'Room 801', 'Kowary', '58-530', 765),
(766, 'Nokia', '19th Floor', 'Fryazino', '141196', 766),
(767, 'Sony', '4th Floor', 'Templeogue', 'D6W', 767),
(768, 'Spice', 'Apt 909', 'Sendafa', '', 768),
(769, 'Honor', 'Suite 89', 'Žagarė', '84019', 769),
(770, 'Huawei', '15th Floor', 'Santa Cruz', '', 770),
(771, 'Celkon', 'Room 143', 'Gali', '', 771),
(772, 'ZTE', 'Apt 907', 'Villach', '9580', 772),
(773, 'Samsung', 'PO Box 89008', 'Xinzhu', '', 773),
(774, 'Yezz', 'Suite 90', 'Muye', '', 774),
(775, 'Bosch', 'Suite 52', 'Jelat', '', 775),
(776, 'Samsung', 'Room 330', 'Ghormach', '', 776),
(777, 'Philips', 'Suite 50', 'Babirik', '', 777),
(778, 'Nokia', 'PO Box 27472', 'Outeiro', '4690-282', 778),
(779, 'Samsung', 'PO Box 30828', 'Laon', '02004 CEDEX', 779),
(780, 'ZTE', 'Apt 1807', 'Vila Fria', '2740-023', 780),
(781, 'ZTE', 'Apt 1946', 'Zhongba', '', 781),
(782, 'Celkon', 'Apt 516', 'União dos Palmares', '57800-000', 782),
(783, 'Huawei', 'Suite 26', 'Pedraza', '476048', 783),
(784, 'Asus', 'Apt 1083', 'Pengxing', '', 784),
(785, 'Vodafone', '19th Floor', 'Vigo', '36210', 785),
(786, 'Huawei', 'Suite 82', 'Houston', '77035', 786),
(787, 'i-mobile', 'Suite 92', 'Shiren', '', 787),
(788, 'Huawei', 'PO Box 21046', 'Huangmao', '', 788),
(789, 'Motorola', 'PO Box 70298', 'Kusak', '423430', 789),
(790, 'Samsung', 'PO Box 60388', 'Navatat', '0905', 790),
(791, 'Sony', 'PO Box 19981', 'Shidong', '', 791),
(792, 'Motorola', '14th Floor', 'Sarāb', '', 792),
(793, 'Oppo', 'PO Box 55992', 'Quintã', '4620-729', 793),
(794, 'LG', 'Suite 91', 'Toamasina', '', 794),
(795, 'Samsung', 'PO Box 86892', 'Chishmy', '431674', 795),
(796, 'Samsung', 'Apt 1954', 'Balingcanaway', '1211', 796),
(797, 'vivo', 'Apt 899', 'Bohou', '', 797),
(798, 'AT&T', 'PO Box 11300', 'Brikcha', '', 798),
(799, 'Eten', 'Apt 1683', 'Jiufeng', '', 799),
(800, 'Mitac', 'Apt 1936', 'Tam Bình', '', 800),
(801, 'Huawei', 'Room 787', 'Itápolis', '14900-000', 801),
(802, 'Sony', 'Suite 61', 'Sandy Bay', '', 802),
(803, 'Samsung', '15th Floor', 'Kauniainen', '02701', 803),
(804, 'Wiko', 'Suite 85', 'Nîmes', '30034 CEDEX 1', 804),
(805, 'Nokia', 'Apt 1493', 'Criuleni', 'MD-4801', 805),
(806, 'Bird', 'PO Box 32102', 'Novoye Devyatkino', '188665', 806),
(807, 'BLU', 'Room 1573', 'Kemuning', '', 807),
(808, 'Kyocera', 'Apt 170', 'Tarakan', '', 808),
(809, 'Sagem', 'Apt 200', 'Mingshan', '', 809),
(810, 'Nokia', 'Suite 94', 'Sotouboua', '', 810),
(811, 'Sendo', '9th Floor', 'Oslo', '0778', 811),
(812, 'Karbonn', 'Room 1119', 'Sainte-Agathe-des-Monts', 'J8C', 812),
(813, 'Samsung', 'Apt 722', 'Xinchengzi', '', 813),
(814, 'Parla', 'Apt 385', 'Gugark’', '', 814),
(815, 'BLU', 'PO Box 90564', 'Zahlé', '', 815),
(816, 'Nokia', 'Apt 1606', 'Duodaoshi', '', 816),
(817, 'alcatel', 'PO Box 9292', 'Margarita', '133028', 817),
(818, 'Tel.Me.', '18th Floor', 'Oetutulul', '', 818),
(819, 'Meizu', 'Apt 152', 'Lazaro Cardenas', '75710', 819),
(820, 'Infinix', 'PO Box 93644', 'Xiaochuan', '', 820),
(821, 'Oppo', 'Suite 28', 'Šabac', '', 821),
(822, 'Meizu', 'Suite 71', 'Xinmin', '', 822),
(823, 'BenQ', 'Suite 87', 'Sourotí', '', 823),
(824, 'QMobile', 'PO Box 26342', 'Bunol', '3115', 824),
(825, 'Micromax', 'PO Box 67631', 'Lazaro Cardenas', '92015', 825),
(826, 'Philips', 'Suite 18', 'Strängnäs', '645 51', 826),
(827, 'Samsung', 'Apt 288', 'Huangbao', '', 827),
(828, 'Chea', 'Suite 72', 'Shenshan', '', 828),
(829, 'ZTE', 'Room 1491', 'Logung', '', 829),
(830, 'Samsung', 'Suite 22', 'Dalan', '', 830),
(831, 'Asus', 'Room 1343', 'Haugesund', '5505', 831),
(832, 'Huawei', 'Room 1998', 'Nunhala', '', 832),
(833, 'Wiko', '1st Floor', 'Carson City', '89706', 833),
(834, 'LG', 'Suite 78', 'Muhos', '91501', 834),
(835, 'Micromax', 'Room 1759', 'Toužim', '364 01', 835),
(836, 'Oppo', '1st Floor', 'Karlskoga', '691 83', 836),
(837, 'Blackview', 'Suite 85', 'Svorónos', '', 837),
(838, 'Asus', 'Suite 81', 'Hila', '', 838),
(839, 'alcatel', 'PO Box 99485', 'Suai', '', 839),
(840, 'ZTE', 'Suite 2', 'Sydney', '1161', 840),
(841, 'Vodafone', 'Room 1855', 'Aktsyabrski', '', 841),
(842, 'LG', '11th Floor', 'Barang', '', 842),
(843, 'Acer', '3rd Floor', 'Várzeas', '2425-507', 843),
(844, 'vivo', '17th Floor', 'Hengdian', '', 844),
(845, 'HTC', 'PO Box 69321', 'Gweru', '', 845),
(846, 'Xiaomi', 'Suite 58', 'Marinilla', '054028', 846),
(847, 'LG', '20th Floor', 'Warungsugan', '', 847),
(848, 'Amoi', '9th Floor', 'Balayan', '4213', 848),
(849, 'BLU', 'PO Box 44767', 'Caen', '14908 CEDEX 9', 849),
(850, 'Spice', 'Suite 86', 'Honghe', '', 850),
(851, 'O2', 'PO Box 43579', 'Rio Claro', '13500-000', 851),
(852, 'alcatel', 'Apt 411', 'Tetaf', '', 852),
(853, 'Sagem', 'Room 425', 'Banjar', '', 853),
(854, 'QMobile', 'Room 809', 'Kretinga', '97001', 854),
(855, 'Philips', 'Apt 381', 'Santa Cruz Balanyá', '04015', 855),
(856, 'Celkon', '12th Floor', 'Pozhang', '', 856),
(857, 'ZTE', '20th Floor', 'Shuitian', '', 857),
(858, 'HP', 'Suite 82', 'San José de los Remates', '', 858),
(859, 'Huawei', 'Room 1596', 'Gaizhou', '', 859),
(860, 'Micromax', 'PO Box 89695', 'Alemanguan', '3524', 860),
(861, 'Energizer', 'Suite 64', 'Pandakan', '7402', 861),
(862, 'Toshiba', 'PO Box 59109', 'Zelenograd', '143912', 862),
(863, 'alcatel', '17th Floor', 'Casal Galego', '2430-084', 863),
(864, 'Pantech', 'Room 1973', 'Marigot', '', 864),
(865, 'ZTE', 'Apt 1669', 'Freetown', '', 865),
(866, 'BLU', 'Room 1514', 'Luxi', '', 691),
(873, 'Nokia', 'Suite 5', 'Bayān', '', 673),
(878, 'Nokia', 'Room 1887', 'Kendung Timur', '', 261),
(881, 'Nokia', 'Suite 65', 'Puputan', '', 621),
(884, 'Motorola', '6th Floor', 'Karanganyarkrajan', '', 665),
(886, 'Allview', '7th Floor', 'Dongqinggou', '', 985),
(887, 'alcatel', 'PO Box 61884', 'Portelinha', '4630-526', 569),
(888, 'Samsung', 'Suite 87', 'Soloneshnoye', '659690', 644),
(889, 'Tecno', 'Apt 1086', 'Xianxiang', '', 636),
(890, 'Micromax', 'Suite 59', 'Kokas', '', 438),
(891, 'LG', 'Apt 145', 'Ryūgasaki', '301-0856', 759),
(892, 'vivo', 'Room 383', 'Taohua', '', 396),
(895, 'Panasonic', 'Room 741', 'Tiechanggou', '', 122),
(896, 'Lava', 'Room 1239', 'Buenavista', '71730', 886),
(897, 'alcatel', 'Room 158', 'Zeist', '3709', 262),
(898, 'LG', '9th Floor', 'Krajan Tengah', '', 609),
(899, 'Mitsubishi', 'Room 1191', 'Gävle', '806 36', 557),
(900, 'Acer', 'Suite 38', 'Bone South', '1052', 948),
(902, 'Acer', 'Apt 714', 'Gaojiabu', '', 95),
(903, 'Panasonic', '7th Floor', 'Bouabout', '', 998),
(905, 'Sewon', '20th Floor', 'Jiangna', '', 452),
(907, 'Yezz', 'PO Box 6871', 'Čelopek', '1227', 595),
(908, 'Samsung', 'Apt 981', 'Beaufort', '29905', 282),
(909, 'Nokia', 'PO Box 65201', 'Palaióchora', '', 982),
(910, 'Motorola', 'PO Box 27342', 'Springbok', '8893', 36),
(911, 'Realme', 'Suite 75', 'Riosucio', '178057', 682),
(912, 'BLU', 'Room 326', 'Hinvi', '', 425),
(914, 'BLU', 'PO Box 82925', 'Slovenj Gradec', '2380', 937),
(916, 'Sony', 'Suite 28', 'Bandeirantes', '86360-000', 966),
(917, 'Gigabyte', '13th Floor', 'Xiashe', '', 464),
(918, 'Nokia', 'Apt 602', 'Ulster Spring', '', 477),
(919, 'Mitsubishi', 'Apt 56', 'Oeleu', '', 543),
(921, 'Eten', 'Room 8', 'Sladna', '', 605),
(922, 'LG', 'Suite 2', 'Cibatu', '', 281),
(924, 'Yezz', 'Suite 65', 'Luojiang', '', 573),
(925, 'ZTE', 'Suite 39', 'Shuangjing', '', 505),
(927, 'Nokia', 'Apt 1434', 'Qingping', '', 638),
(928, 'alcatel', 'Apt 1068', 'Mayqayyng', '', 142),
(929, 'Energizer', 'Apt 757', 'Foshan', '', 251),
(930, 'Lava', '4th Floor', 'Paraty', '23970-000', 231),
(931, 'Motorola', 'PO Box 91676', 'Suicheng', '', 564),
(932, 'LG', 'Suite 34', 'Burgeo', 'N9A', 743),
(935, 'Huawei', 'PO Box 23817', 'Lembang', '', 667),
(937, 'LG', 'Suite 60', 'Pulian', '', 804),
(938, 'Huawei', 'Suite 15', 'Chikwawa', '', 619),
(939, 'Xiaomi', '6th Floor', 'Rosebank', '1746', 299),
(940, 'Samsung', 'PO Box 61441', 'Áno Kopanákion', '', 306),
(941, 'Micromax', 'Suite 78', 'Podporozh’ye', '187789', 522),
(942, 'Motorola', '4th Floor', 'Granada', '5046', 38),
(943, 'Kyocera', '8th Floor', 'Fengyang', '', 585),
(945, 'i-mobile', 'Suite 71', 'Aranos', '', 481),
(949, 'Sony', 'Room 1895', 'Zaytā', '', 807),
(950, 'Sharp', '8th Floor', 'Calvos', '4810-804', 263),
(952, 'Motorola', '4th Floor', 'Maardu', '', 783),
(955, 'MWg', '6th Floor', 'Campo de la Cruz', '084047', 996),
(956, 'Lenovo', '13th Floor', 'Tānk', '82001', 911),
(958, 'Samsung', 'Suite 54', 'Prinza', '2008', 864),
(960, 'Samsung', 'PO Box 92087', 'Port Loko', '', 835),
(962, 'Huawei', 'Room 597', 'Zhob', '85200', 51),
(963, 'BLU', 'Room 1996', 'Mosfilotí', '', 489),
(965, 'Motorola', 'Suite 2', 'Xishaping', '', 599),
(967, 'Philips', 'Room 954', 'Fulnek', '742 45', 937),
(970, 'Samsung', 'Apt 1434', 'Kasamatsuchō', '504-0968', 173),
(972, 'Nokia', 'Suite 24', 'Guandu', '', 572),
(974, 'Sagem', 'Apt 1071', 'Pego Longo', '2605-150', 774),
(975, 'Nokia', 'PO Box 1211', 'Baise City', '', 443),
(976, 'Gigabyte', 'PO Box 47227', 'Veverská Bítýška', '664 71', 536),
(977, 'BLU', 'PO Box 68639', 'Bhairāhawā', '', 244),
(978, 'alcatel', '13th Floor', 'Pigeiros', '4505-854', 919),
(980, 'Siemens', '7th Floor', 'Sangba', '', 467),
(983, 'alcatel', 'Room 462', 'Shixi', '', 90),
(985, 'Panasonic', 'PO Box 19598', 'Köln', '50733', 82),
(987, 'BlackBerry', 'Room 1128', 'Zafar', '', 840),
(988, 'Lava', 'Suite 62', 'Tanenofunan', '', 463),
(989, 'alcatel', 'PO Box 17345', 'Nîmes', '30028 CEDEX 9', 980),
(990, 'Siemens', 'Apt 1802', 'Waru Selatan', '', 243),
(992, 'LG', 'PO Box 41628', 'Pegões', '2985-209', 725),
(993, 'Oppo', 'Apt 1376', 'Heishan', '', 91),
(994, 'HTC', 'Apt 862', 'Mueang Phuket', '83120', 254),
(995, 'Oppo', 'Suite 72', 'Longsheng', '', 7),
(996, 'Nokia', 'Apt 1802', 'Raszczyce', '47-435', 647),
(997, 'Samsung', 'Apt 665', 'Xiaojinkou', '', 601),
(1000, 'BLU', 'Suite 63', 'La Loma', '', 653),
(1002, 'Asus', 'PO Box 60641', 'Thị Trấn Nguyên Bình', '', 200),
(1006, 'Lenovo', '20th Floor', 'Blessington', 'D12', 699),
(1007, 'Bosch', '8th Floor', 'Dongfeng', '', 699),
(1008, 'Archos', 'Room 1441', 'Toki', '509-6251', 983),
(1011, 'Samsung', 'Suite 70', 'Muang Phôn-Hông', '', 53),
(1013, 'LG', '1st Floor', 'Joutseno', '54101', 1000),
(1014, 'alcatel', 'Room 239', 'Bayasgalant', '', 952),
(1017, 'Motorola', 'Room 1462', 'Sājir', '', 776),
(1018, 'Honor', 'Suite 88', 'Bajia', '', 100),
(1020, 'NIU', 'Apt 1270', 'Papër', '', 956),
(1021, 'QMobile', 'Room 790', 'Jiuxian', '', 357),
(1022, 'Motorola', 'Apt 1392', 'Leiden', '2309', 902),
(1024, 'Celkon', 'PO Box 34384', 'Boñgalon', '2416', 882),
(1025, 'alcatel', 'Suite 67', 'Choloma', '', 930),
(1026, 'Motorola', 'Room 341', 'Sathing Phra', '44150', 161),
(1027, 'Siemens', '8th Floor', 'Býšť', '533 22', 421),
(1029, 'LG', 'PO Box 87497', 'Yabēlo', '', 361),
(1031, 'Acer', 'Room 654', 'Khotynets', '303930', 706),
(1036, 'YU', 'Suite 71', 'La Cruz', '36770', 376),
(1037, 'Motorola', 'PO Box 97004', 'Zizhao', '', 404);
INSERT INTO `manufacturer` (`id_manufacturer`, `name`, `adress`, `city`, `postal_code`, `country_id_country`) VALUES
(1041, 'Micromax', '3rd Floor', 'Maño', '5016', 447),
(1042, 'LG', 'Room 655', 'Alicante/Alacant', '03005', 530),
(1044, 'LG', 'Apt 432', 'Xinglong', '', 724),
(1045, 'Huawei', 'Room 1510', 'Boticas', '5460-304', 595),
(1047, 'Micromax', 'Room 1320', 'Xinzhou', '', 814),
(1048, 'Sony', 'Apt 1598', 'San Francisco', '8501', 858),
(1050, 'NEC', 'Apt 411', 'Coishco', '', 56),
(1052, 'YU', 'Room 572', 'Dongjin', '', 356),
(1053, 'Sony', '4th Floor', 'Norzagaray', '3013', 567),
(1054, 'Asus', 'Room 927', 'Dajin', '', 987),
(1056, 'Pantech', '11th Floor', 'Neftegorsk', '446600', 197),
(1057, 'Asus', '3rd Floor', 'Carapelhos', '3070-605', 310),
(1058, 'Sony', 'PO Box 21356', 'Longxi', '', 106),
(1060, 'Realme', 'PO Box 83651', 'Oneop', '', 221),
(1061, 'Samsung', '10th Floor', 'Rashaant', '', 310),
(1063, 'Yezz', 'Suite 27', 'Shiquanhe', '', 814),
(1064, 'Energizer', 'PO Box 97844', 'El Cuy', '8333', 49),
(1065, 'BLU', 'PO Box 67773', 'Kramfors', '872 24', 796),
(1074, 'Celkon', 'Room 428', 'Kapakabisa', '', 229),
(1076, 'verykool', 'PO Box 69282', 'Tha Ruea', '13130', 61),
(1077, 'Huawei', 'PO Box 61962', 'Viškovci', '34310', 214),
(1078, 'BLU', 'PO Box 86019', 'Pancan', '', 44),
(1079, 'i-mobile', 'PO Box 99706', 'Anáfi', '', 833),
(1080, 'LG', 'PO Box 55730', 'Debelets', '5056', 652),
(1083, 'Samsung', 'PO Box 87560', 'Ribeira Grande', '9600-502', 871),
(1085, 'Ericsson', '13th Floor', 'Provins', '77484 CEDEX', 761),
(1089, 'Motorola', 'PO Box 51582', 'Linjiang', '', 963),
(1091, 'Asus', 'Suite 64', 'Progreso', '', 469),
(1092, 'Telit', 'PO Box 29326', 'Pavlivka', '', 937),
(1093, 'Maxon', 'Apt 1634', 'Usukhchay', '368758', 522),
(1094, 'Micromax', 'Room 1938', 'Puente Nacional', '684527', 999),
(1101, 'Ericsson', 'Suite 43', 'Tranca', '4234', 689),
(1102, 'Nokia', '13th Floor', 'Longsha', '', 397),
(1103, 'BLU', 'Suite 77', 'Yên Bái', '', 107),
(1106, 'Yezz', 'Room 1822', 'Shangyanzhuang', '', 837),
(1107, 'Eten', 'Suite 70', 'Santana do Livramento', '97570-000', 686),
(1108, 'Oppo', 'Apt 1818', 'Dal’nerechensk', '692980', 674),
(1112, 'O2', 'Apt 2', 'Tāngāil', '3062', 87),
(1114, 'Apple', 'Room 147', 'Meringkik', '', 429),
(1116, 'Yezz', '10th Floor', 'Kamárai', '', 973),
(1118, 'Motorola', 'PO Box 94718', 'Al Jubayhah', '', 226),
(1119, 'Ulefone', 'Apt 250', 'Sueyoshichō-ninokata', '899-8607', 307),
(1121, 'BenQ-Siemens', 'PO Box 59867', 'Taroudant', '', 876),
(1122, 'Philips', 'PO Box 10725', 'Nakhodka', '692909', 920),
(1128, 'Oppo', 'Apt 1430', 'Santa Maria do Souto', '4800-260', 304),
(1129, 'Samsung', 'Apt 134', 'Mekon', '', 662),
(1131, 'Samsung', 'Room 1045', 'Lagny-sur-Marne', '77404 CEDEX', 782),
(1133, 'Amoi', '3rd Floor', 'Baofeng', '', 387),
(1134, 'Huawei', 'PO Box 87452', 'Huimin', '', 696),
(1136, 'BQ', '1st Floor', 'Khadīr', '', 21),
(1137, 'Samsung', 'PO Box 24969', 'Pointe-à-Pitre', '97171 CEDEX', 883),
(1138, 'Samsung', 'Room 728', 'Kamyshin', '403879', 605),
(1139, 'BLU', 'Room 528', 'San Nicolas', '4207', 96),
(1140, 'Samsung', 'PO Box 86537', 'Krajan Keboromo', '', 315),
(1142, 'Philips', '11th Floor', 'Weepanapi', '', 111),
(1146, 'Acer', '3rd Floor', 'Kramarzówka', '37-560', 672),
(1147, 'Samsung', '4th Floor', 'Marićka', '', 850),
(1148, 'Samsung', '12th Floor', 'San Diego', '202038', 577),
(1151, 'Mitac', 'Suite 61', 'Canomoy', '5411', 150),
(1152, 'Lava', 'Suite 13', 'Yanjiang', '', 700),
(1154, 'Samsung', 'Apt 1851', 'Selydove', '', 3),
(1156, 'Chea', 'Room 398', 'Paninggaran', '', 211),
(1157, 'Nokia', 'Apt 1257', 'Żyrardów', '96-304', 171),
(1158, 'Huawei', '4th Floor', 'Lingcheng', '', 502),
(1162, 'Nokia', 'PO Box 48276', 'Xianxi', '', 377),
(1163, 'ZTE', 'PO Box 13877', 'Heidelberg', '1444', 570),
(1164, 'Micromax', 'Apt 205', 'Coaticook', 'J1A', 513),
(1168, 'Samsung', 'Apt 243', 'La Unión', '704057', 955),
(1169, 'Xiaomi', 'PO Box 25512', 'Bekasi', '', 585),
(1170, 'alcatel', '12th Floor', 'Kleszczewo', '63-005', 812),
(1171, 'Plum', 'Suite 60', 'Pecatu', '', 876),
(1173, 'Micromax', '20th Floor', 'Narsaq', '3921', 648),
(1177, 'Gigabyte', 'PO Box 20773', 'Inashiki', '925-0563', 33),
(1178, 'Asus', 'Room 1479', 'Zlatar', '49250', 625),
(1180, 'Wiko', 'Apt 1156', 'Brodósqui', '64222-000', 544),
(1181, 'ZTE', 'PO Box 76872', 'Leleque', '9213', 485),
(1184, 'vivo', '1st Floor', 'Camilo Aldao', '5285', 546),
(1187, 'LG', 'PO Box 24148', 'Zhouhu', '', 403),
(1188, 'BLU', 'Apt 1961', 'Angoulême', '16015 CEDEX', 517),
(1190, 'Coolpad', 'Suite 36', 'Vrbovec', '671 24', 126),
(1191, 'Honor', 'Suite 85', 'Kolympári', '', 52),
(1192, 'Nokia', 'Room 402', 'Åmål', '662 24', 93),
(1194, 'Yezz', 'PO Box 33460', 'Kaolack', '', 422),
(1195, 'HTC', 'Suite 47', 'Limbo', '9618', 646),
(1196, 'Unnecto', 'Room 388', 'Dalsjöfors', '516 81', 269),
(1197, 'Sony', 'Suite 86', 'Trà My', '', 385),
(1198, 'LG', 'Suite 92', 'Longshan', '', 94),
(1199, 'Samsung', '20th Floor', 'København', '1738', 910),
(1200, 'Honor', 'Apt 370', 'Pruzhany', '', 750),
(1202, 'BlackBerry', 'Room 464', 'Sukamaju', '', 651),
(1205, 'Philips', 'Apt 172', 'Arroyo Seco', '41821', 588),
(1206, 'Panasonic', 'Room 729', 'Kermānshāh', '', 68),
(1212, 'Plum', 'Apt 932', 'Tim', '399710', 249),
(1215, 'HTC', 'Suite 16', 'Libei', '', 777),
(1216, 'Micromax', '5th Floor', 'Maipú', '5517', 202),
(1218, 'Samsung', 'Suite 69', 'Mingyue', '', 744),
(1219, 'BLU', '14th Floor', 'Pīr jo Goth', '66031', 874),
(1220, 'Samsung', 'Apt 1732', 'Mambulo', '4407', 870),
(1221, 'Nokia', 'Room 1626', 'Clervaux', 'L-9765', 16),
(1223, 'vivo', 'Room 1468', 'Nyagla', '', 287),
(1224, 'Motorola', 'Apt 1746', 'Lipov', '696 72', 298),
(1225, 'Huawei', '19th Floor', 'Vales', '2305-025', 612),
(1226, 'BLU', 'PO Box 5407', 'Xiashe', '', 693),
(1227, 'BLU', 'Suite 9', 'Amirdzhan', '', 493),
(1228, 'NEC', 'Room 381', 'Komaki', '959-1226', 396),
(1232, 'Samsung', 'Suite 59', 'Ciharalang', '', 322),
(1233, 'Philips', '17th Floor', 'Dostoyevka', '649779', 26),
(1236, 'Motorola', 'Room 1832', 'Sintra', '2710-200', 916),
(1237, 'ZTE', 'Apt 1017', 'Tabaga', '677907', 268),
(1238, 'Samsung', 'PO Box 14569', 'Cartago', '30703', 799),
(1239, 'Nokia', 'Room 395', 'Bridgetown', '', 388),
(1242, 'Xiaomi', 'PO Box 9880', 'Visby', '621 22', 32),
(1243, 'TCL', 'Apt 1206', 'Dukuh Kaler', '', 74),
(1244, 'ZTE', 'Apt 1845', 'Nowlamary', '3731', 48),
(1247, 'HTC', 'PO Box 9457', 'Baisha', '', 547),
(1248, 'BLU', 'Suite 87', 'Thành phố Bạc Liêu', '', 424),
(1249, 'Xiaomi', 'Apt 1122', 'Yajiang', '', 618),
(1251, 'Nokia', 'PO Box 98944', 'Jiaozhou', '', 413),
(1252, 'Sagem', 'Room 259', 'Tengqiao', '', 834),
(1253, 'Honor', '6th Floor', 'Xiaojia', '', 327),
(1255, 'Sagem', 'Suite 61', 'Kolokani', '', 436),
(1256, 'Sony', 'PO Box 21335', 'Esperalvillo', '11902', 459),
(1260, 'Samsung', 'Room 562', 'Weifang', '', 927),
(1261, 'Philips', 'Apt 1933', 'Kumla', '692 24', 576),
(1263, 'Realme', 'PO Box 18749', 'Dorval', 'H9S', 515),
(1266, 'Samsung', '15th Floor', 'Bobai', '', 95),
(1269, 'NEC', 'Suite 24', 'Karangagung Timur', '', 826),
(1270, 'Motorola', 'Suite 86', 'Bukowiec', '86-122', 769),
(1271, 'LG', 'PO Box 72393', 'Cabangahan', '6131', 868),
(1273, 'Asus', 'Suite 50', 'Temirtau', '', 283),
(1274, 'Amazon', '20th Floor', 'Sorinomo', '', 965),
(1276, 'Nokia', 'PO Box 77952', 'Tanggul Wetan', '', 234),
(1277, 'Acer', 'Suite 90', 'Granica', '05-831', 748),
(1278, 'Nokia', 'PO Box 20269', 'San Miguel', '8301', 976),
(1279, 'Xiaomi', 'Room 1187', 'Ar Rudayyif', '', 104),
(1280, 'Energizer', 'Suite 67', 'La Carlota', '6130', 963),
(1284, 'Samsung', 'Suite 1', 'Zerkten', '', 283),
(1285, 'Philips', 'Suite 43', 'Pocpo', '', 238),
(1286, 'Asus', 'PO Box 52471', 'Thetford-Mines', 'G6G', 616),
(1287, 'ZTE', 'Apt 1189', 'Nice', '06173 CEDEX 2', 548),
(1288, 'Philips', 'Room 74', 'Jiusi', '', 410),
(1290, 'Nokia', 'Apt 136', 'Guapi', '196009', 615),
(1291, 'Oppo', 'Suite 5', 'Zhongxinqiao', '', 147),
(1292, 'Intex', 'Apt 1560', 'Boavista', '4600-641', 258),
(1293, 'Motorola', 'Room 1217', 'Panggungrejo', '', 789),
(1297, 'Sony', 'PO Box 40451', 'Duqiao', '', 936),
(1299, 'ZTE', 'Suite 57', 'Chão de Couce', '3240-466', 484),
(1301, 'Sewon', 'Apt 459', 'Turbo', '057869', 987),
(1302, 'Oppo', 'Room 1892', 'Livingstone', '', 398),
(1303, 'Meizu', 'Apt 1967', 'Mulyorejo', '', 268),
(1305, 'Xiaomi', 'Room 1969', 'Padangbai', '', 897),
(1306, 'Spice', 'Apt 1615', 'Coelho Neto', '65620-000', 162),
(1307, 'Panasonic', 'Room 50', 'Santa Rita', '36350', 792),
(1308, 'Motorola', 'Room 1130', 'Kirzhach', '143026', 330),
(1309, 'Samsung', '9th Floor', 'Gala', '3090-710', 203),
(1311, 'Motorola', '20th Floor', 'Janja', '', 199),
(1315, 'BenQ', 'Room 724', 'Guamal', '473029', 530),
(1317, 'Nokia', 'Room 459', 'Panyam', '', 975),
(1318, 'Nokia', 'PO Box 57948', 'Xihu', '', 971),
(1319, 'Xiaomi', 'Room 1070', 'Enrekang', '', 79),
(1320, 'Prestigio', 'PO Box 30770', 'Morteros', '2421', 742),
(1321, 'Samsung', 'PO Box 88105', 'Sarreguemines', '57204 CEDEX', 504),
(1325, 'Yezz', 'Apt 282', 'Nevers', '58004 CEDEX', 445),
(1326, 'Nokia', 'Apt 236', 'Mīāndoāb', '', 993),
(1328, 'Sony', '7th Floor', 'Aygeshat', '', 732),
(1329, 'Philips', 'Suite 53', 'Shimokizukuri', '802-0015', 353),
(1330, 'LG', 'PO Box 35048', 'Monaragala', '91000', 877),
(1332, 'LG', 'PO Box 82380', 'Fulong', '', 56),
(1334, 'Allview', 'Apt 1250', 'Strawczyn', '26-067', 849),
(1337, 'Oppo', 'Room 510', 'Kadipaten', '', 734),
(1338, 'LG', 'Room 387', 'Horodok', '', 531),
(1339, 'alcatel', 'Room 1294', 'Maguling', '6313', 654),
(1341, 'Allview', 'PO Box 69495', 'Albania', '684537', 554),
(1342, 'alcatel', 'Suite 40', 'Morocelí', '', 604),
(1343, 'Samsung', 'Apt 1379', 'Songgai', '', 598),
(1344, 'Motorola', '12th Floor', 'Petrodvorets', '462823', 411),
(1346, 'Vodafone', '8th Floor', 'Nan’an', '', 989),
(1349, 'Celkon', 'Apt 829', 'Novokizhinginsk', '671454', 555),
(1350, 'Samsung', 'Apt 168', 'Gur’yevsk', '636700', 634),
(1352, 'Haier', 'Apt 908', 'Viseu', '68620-000', 130),
(1353, 'Allview', '4th Floor', 'Norakert', '', 697),
(1354, 'LG', '12th Floor', 'Břeclav', '690 02', 618),
(1355, 'Celkon', 'Apt 721', 'Huagang', '', 924),
(1358, 'vivo', 'Suite 100', 'Ivanteyevka', '142139', 221),
(1359, 'Nokia', 'PO Box 25923', 'Pujiang', '', 533),
(1360, 'LG', 'Apt 839', 'Okigwi', '', 763),
(1363, 'BLU', 'Room 1861', 'Azteca', '87024', 591),
(1364, 'Samsung', 'Apt 722', 'Gudauta', '', 159),
(1365, 'Samsung', 'Room 1986', 'Aldeia', '4600-757', 306),
(1367, 'Micromax', 'Suite 87', 'Bato', '6525', 594),
(1369, 'Innostream', 'PO Box 73971', 'Somerset East', '5850', 866),
(1370, 'QMobile', '9th Floor', 'Yên Lập', '', 11),
(1373, 'Sony', '8th Floor', 'Kulaman', '3332', 818),
(1374, 'Xiaomi', 'Suite 75', 'Bilaran', '4216', 180),
(1375, 'LeEco', 'Room 1288', 'Cikijing', '', 905),
(1377, 'vivo', 'Apt 372', 'Nikolayevsk', '357323', 967),
(1383, 'Oppo', 'PO Box 19817', 'Xincheng', '', 576),
(1385, 'HTC', 'PO Box 17404', 'Sainte-Anne-des-Monts', 'L8P', 829),
(1386, 'Celkon', '3rd Floor', 'Paris 11', '75542 CEDEX 11', 202),
(1387, 'vivo', 'Suite 86', 'Hellevoetsluis', '3224', 405),
(1390, 'verykool', 'Apt 589', 'Oleksandrivka', '', 311),
(1391, 'Spice', 'Room 426', 'Lewoluo', '', 775),
(1392, 'Toshiba', 'Suite 74', 'Milaor', '4413', 60),
(1393, 'LG', 'Room 974', 'Padaran', '', 44),
(1394, 'QMobile', 'Apt 875', 'Saint-Grégoire', '35763 CEDEX', 893),
(1395, 'BLU', 'PO Box 16361', 'Zhayang', '', 857),
(1398, 'Micromax', 'Suite 38', 'Szlachta', '83-243', 337),
(1400, 'Plum', '19th Floor', 'Topolná', '687 11', 622),
(1401, 'Huawei', '11th Floor', 'Supu', '', 151),
(1402, 'BLU', '17th Floor', 'Helsingborg', '251 87', 698),
(1403, 'Samsung', '14th Floor', 'Hongdun', '', 827),
(1406, 'Allview', 'Suite 85', 'Orléans', '45979 CEDEX 9', 565),
(1407, 'Panasonic', 'Apt 467', 'Shidu', '', 878),
(1409, 'Maxwest', 'PO Box 60891', 'Katovice', '387 11', 552),
(1411, 'Samsung', 'Apt 1509', 'Dāngām', '', 626),
(1413, 'verykool', 'Apt 1557', 'Goričan', '40324', 488),
(1414, 'Samsung', 'Apt 578', 'Marietta', '30061', 210),
(1415, 'Motorola', 'Room 1017', 'Geneng', '', 829),
(1416, 'Microsoft', 'Suite 58', 'Zhangjiabao', '', 482),
(1417, 'Sony', 'Suite 82', 'Yiánnouli', '', 362),
(1418, 'Sony', '4th Floor', 'Jinshanzui', '', 240),
(1419, 'Lenovo', 'Apt 1639', 'Chicago', '60663', 62),
(1420, 'Nokia', 'Suite 84', 'Zhongzhai', '', 43),
(1421, 'Samsung', 'Apt 138', 'Majiao', '', 25),
(1424, 'Celkon', 'Suite 36', 'Ximapo', '', 304),
(1425, 'Sony', 'Room 1721', 'Despotovac', '', 348),
(1426, 'Motorola', 'PO Box 8042', 'Karabash', '456144', 968),
(1427, 'Oppo', '4th Floor', 'Johor Bahru', '80600', 635),
(1428, 'Karbonn', 'Room 1374', 'Siemkowice', '98-354', 760),
(1430, 'Oppo', 'Room 230', 'São Miguel da Carreira', '4775-055', 616),
(1431, 'O2', 'Apt 1298', 'Rumat Heib', '', 904),
(1432, 'Honor', 'PO Box 98735', 'Nouvelle France', '', 652),
(1433, 'LG', 'Room 1355', 'Ganxi', '', 929),
(1434, 'Philips', '5th Floor', 'Zhongmen', '', 333),
(1435, 'Haier', 'Room 1784', 'Tiandu', '', 316),
(1438, 'Huawei', 'Room 947', 'Noisy-le-Grand', '93883 CEDEX', 537),
(1440, 'Samsung', 'PO Box 90248', 'Kerep Wetan', '', 201),
(1441, 'Huawei', 'Suite 74', 'Trảng Bàng', '', 560),
(1442, 'Lenovo', 'Room 1721', 'Shangma', '', 362),
(1444, 'Icemobile', 'PO Box 66718', 'Sigetec', '48321', 770),
(1445, 'Motorola', 'PO Box 10961', 'Chyżne', '02-983', 109),
(1448, 'Microsoft', 'PO Box 76424', 'Xijiao', '', 346),
(1449, 'Lenovo', 'Suite 85', 'Kamenka', '412378', 162),
(1453, 'Philips', '18th Floor', 'Cachoeiro de Itapemirim', '29300-000', 271),
(1454, 'Motorola', '10th Floor', 'Al Jīzah', '', 722),
(1457, 'Sony', 'Apt 1013', 'Xinzheng', '', 669),
(1460, 'HTC', 'Apt 107', 'San Antonio', '37853', 313),
(1462, 'alcatel', 'PO Box 4525', 'Chenxikou', '', 269),
(1463, 'Nokia', 'Room 1280', 'Nipawin', 'V9B', 958),
(1467, 'Sony', 'Room 1636', 'Mi’ersi', '', 232),
(1468, 'Motorola', 'Room 888', 'Batiano', '4115', 143),
(1470, 'LG', 'Room 781', 'Bezons', '95874 CEDEX', 293),
(1472, 'Meizu', 'Suite 36', 'Rájec-Jestřebí', '666 01', 958),
(1475, 'Acer', 'Suite 96', 'Blois', '41004 CEDEX', 711),
(1477, 'LG', 'Room 1785', 'Victoria West', '7071', 641),
(1479, 'Micromax', 'Apt 256', 'Abadou', '', 966),
(1480, 'LG', '3rd Floor', 'Badajoz', '06010', 974),
(1482, 'Samsung', 'Apt 1679', 'Velestíno', '', 637),
(1483, 'ZTE', 'Room 293', 'Dongla', '', 510),
(1484, 'Samsung', '12th Floor', 'Rayong', '21000', 437),
(1485, 'LG', 'Room 1891', 'Stavropol’', '356235', 416),
(1488, 'Samsung', 'PO Box 74580', 'Villa Aglipay', '2020', 291),
(1489, 'Samsung', 'Suite 53', 'Portsmouth', '', 483),
(1492, 'Sony', 'Room 1185', 'Adelaide Mail Centre', '5869', 715),
(1493, 'LG', '6th Floor', 'Jucás', '63580-000', 711),
(1494, 'Panasonic', 'Room 282', 'Shigu', '', 843),
(1495, 'Sony', 'Suite 75', 'Donghai', '', 740),
(1496, 'Samsung', 'Apt 1901', 'Metz', '57076 CEDEX 03', 848),
(1498, 'Nokia', 'Apt 1999', 'Okakarara', '', 822),
(1500, 'LG', 'PO Box 99972', 'Youlan', '', 738),
(1501, 'Intex', 'Apt 471', 'Pustomyty', '', 236),
(1502, 'Oppo', '7th Floor', 'Vistino', '188478', 964),
(1503, 'Nokia', 'Suite 13', 'Xipi', '', 631),
(1505, 'T-Mobile', 'Suite 10', 'Shangyuan', '', 151),
(1507, 'alcatel', 'Suite 64', 'Álimos', '', 790),
(1509, 'Samsung', 'PO Box 74201', 'Ngama', '', 668),
(1510, 'Allview', 'Apt 1752', 'Guancheng', '', 391),
(1511, 'Spice', '5th Floor', 'Subotica', '', 681),
(1512, 'alcatel', 'PO Box 32353', 'Ourozinho', '3630-139', 146),
(1513, 'Dell', 'Apt 598', 'Linköping', '586 63', 163),
(1514, 'Celkon', 'Room 1328', 'Shiziqiao', '', 50),
(1515, 'Celkon', 'Room 692', 'Indaial', '89130-000', 508),
(1516, 'Xiaomi', '18th Floor', 'Yasinya', '', 288),
(1518, 'Sony', 'Apt 1027', 'Velikiye Borki', '', 462),
(1519, 'Xiaomi', 'Apt 1019', 'New Panamao', '7402', 489),
(1521, 'Xiaomi', 'Room 553', 'Renliu', '', 526),
(1524, 'Nokia', 'PO Box 13259', 'Polonnaruwa', '51000', 24),
(1525, 'vivo', 'PO Box 11048', 'Itapetininga', '18200-000', 961),
(1527, 'LG', '6th Floor', 'Pamplona/Iruña', '31015', 167),
(1528, 'HTC', '1st Floor', 'Živinice', '', 759),
(1530, 'O2', 'PO Box 65887', 'Nanjie', '', 451),
(1531, 'ZTE', '1st Floor', 'Shimorskoye', '607036', 954),
(1532, 'Samsung', 'Room 1189', 'La Falda', '4640', 642),
(1534, 'Huawei', 'Suite 47', 'Ulimonong', '', 721),
(1535, 'ZTE', 'PO Box 36310', 'Tangjiawan', '', 517),
(1537, 'Motorola', 'PO Box 38273', 'Sucha', '89-525', 509),
(1538, 'Samsung', 'Apt 1333', 'Alvand', '', 12),
(1540, 'Bird', 'Apt 1516', 'Takeo', '950-0862', 64),
(1543, 'vivo', 'Apt 1554', 'Rueil-Malmaison', '92509 CEDEX', 453),
(1545, 'Panasonic', 'Apt 940', 'Lębork', '84-310', 802),
(1546, 'Nokia', '1st Floor', 'Lindavista', '29557', 27),
(1548, 'Vodafone', 'Room 1057', 'Wrząsowice', '32-031', 179),
(1551, 'Samsung', '9th Floor', 'Zhukovskiy', '142143', 694),
(1552, 'Apple', 'Apt 877', 'Tlogoagung', '', 42),
(1555, 'Lenovo', '9th Floor', 'Pelaya', '204047', 539),
(1556, 'Wiko', 'Suite 26', 'Cholargós', '', 448),
(1558, 'ZTE', 'Suite 22', 'Fukayachō', '370-0418', 563),
(1559, 'Meizu', '13th Floor', 'Quilo-quilo', '4224', 771),
(1561, 'Siemens', 'Suite 75', 'Paris 15', '75712 CEDEX 15', 122),
(1562, 'T-Mobile', '7th Floor', 'Yong’an', '', 450),
(1563, 'Samsung', '9th Floor', 'Sergeyevka', '142516', 790),
(1564, 'LG', 'Suite 72', 'Banjarsari', '', 470),
(1565, 'Eten', '9th Floor', 'Praszka', '46-320', 990),
(1567, 'ZTE', '7th Floor', 'Yinkeng', '', 477),
(1569, 'Samsung', '1st Floor', 'Thorold', 'L2V', 359),
(1574, 'Chea', 'Apt 1384', 'Jianfeng', '', 172),
(1575, 'ZTE', 'PO Box 76830', 'Vällingby', '162 66', 110),
(1576, 'Sony', '5th Floor', 'Kirzhach', '143026', 393),
(1578, 'Icemobile', 'Suite 20', 'Roma', '00152', 236),
(1581, 'Sony', 'Room 639', 'Senekal', '9600', 70),
(1582, 'BLU', '9th Floor', 'Vasilikón', '', 731),
(1584, 'NEC', 'Suite 84', 'Pregonero', '', 254),
(1586, 'QMobile', '19th Floor', 'Orange', '84104 CEDEX', 319),
(1587, 'Micromax', 'PO Box 85569', 'Xianghuaqiao', '', 852),
(1588, 'BLU', '5th Floor', 'Koh Kong', '', 574),
(1590, 'Celkon', '11th Floor', 'Ngujuran', '', 212),
(1592, 'Nokia', '3rd Floor', 'Daying', '', 225),
(1593, 'Panasonic', 'Suite 54', 'Ngelak', '', 305),
(1594, 'Mitsubishi', 'Apt 463', 'Pousada', '4990-585', 301),
(1595, 'XOLO', 'Apt 1064', 'Nidek', '43-354', 645),
(1598, 'Allview', '8th Floor', 'Majāz al Bāb', '', 402),
(1599, 'Celkon', 'Room 311', 'Banepa', '', 680),
(1601, 'Nokia', 'Room 1575', 'Cidade Velha', '', 34),
(1602, 'Micromax', 'Room 553', 'Łapsze Niżne', '34-442', 727),
(1605, 'Sony', 'Suite 100', 'Soledad', '', 13),
(1606, 'Vertu', 'Apt 777', 'Banjar Batanpoh', '', 884),
(1607, 'Amoi', 'PO Box 13606', 'Tanqiao', '', 174),
(1611, 'Honor', 'Room 561', 'Sancha', '', 684),
(1613, 'Philips', 'PO Box 49671', 'Grimstad', '4892', 98),
(1615, 'Sagem', '4th Floor', 'Talun', '', 803),
(1616, 'Motorola', 'Apt 392', 'Eyvān', '', 116),
(1617, 'Apple', 'Suite 11', 'Khandagayty', '668134', 591),
(1618, 'NIU', '14th Floor', 'Manghit', '', 627),
(1619, 'Micromax', 'Apt 498', 'Sallanches', '74704 CEDEX', 861),
(1621, 'Gigabyte', 'Room 364', 'Gigant', '144005', 85),
(1622, 'LG', '18th Floor', 'Minneapolis', '55417', 182),
(1624, 'vivo', '20th Floor', 'Itapetininga', '18200-000', 353),
(1625, 'Siemens', 'Room 1355', 'Limoges', '87015 CEDEX 1', 346),
(1627, 'Sony', 'Room 323', 'Putrajaya', '62150', 560),
(1629, 'Dell', 'PO Box 8527', 'Samut Songkhram', '75110', 409),
(1630, 'Motorola', 'Room 224', 'Tongren', '', 575),
(1631, 'ZTE', '16th Floor', 'Santa Rita', '', 967),
(1634, 'Asus', 'Room 751', 'Sivers’k', '', 756),
(1635, 'HTC', 'Apt 1449', 'San Juan', '6227', 403),
(1636, 'HTC', 'Apt 629', 'Concord', 'L4K', 996),
(1638, 'Huawei', 'Suite 78', 'Kulykiv', '', 473),
(1642, 'YU', 'Suite 16', 'Hưng Nguyên', '', 305),
(1643, 'Motorola', '17th Floor', 'Cornillon', '', 637),
(1644, 'QMobile', 'Apt 1148', 'Yacheng', '', 146),
(1645, 'BlackBerry', 'PO Box 51036', 'Nashville', '37245', 463),
(1646, 'Nokia', 'Apt 1918', 'Novokuz’minki', '171658', 289),
(1647, 'verykool', '14th Floor', 'Chahe', '', 66),
(1648, 'Celkon', 'Apt 231', 'Santa Clara', '50090', 702),
(1651, 'Motorola', 'PO Box 52578', 'Panyambungan', '', 846),
(1652, 'Panasonic', 'Apt 1653', 'Qiaodi', '', 788),
(1653, 'Energizer', '2nd Floor', 'Nnewi', '', 621),
(1655, 'QMobile', 'Room 1307', 'Al Madīd', '', 445),
(1658, 'vivo', 'PO Box 19788', 'Sulbiny Górne', '08-420', 493),
(1659, 'Honor', 'PO Box 80902', 'Niverville', 'T5G', 807),
(1661, 'Xiaomi', 'Apt 1396', 'Putrajaya', '62150', 99),
(1664, 'Honor', 'Suite 44', 'Dubrovnik', '20000', 586),
(1665, 'Siemens', 'Room 118', 'Turangi', '3382', 144),
(1666, 'Acer', 'PO Box 70675', 'Fornos', '5180-015', 617),
(1668, 'Lava', 'Suite 9', 'Zarzal', '762528', 17),
(1669, 'LG', 'Apt 760', 'Rääkkylä', '82301', 907),
(1670, 'Telit', 'PO Box 86129', 'Pangkalanbunut', '', 888),
(1671, 'Meizu', 'Apt 673', 'Muranovo', '385741', 844),
(1673, 'Dell', 'PO Box 98304', 'Łęki', '38-473', 341),
(1675, 'alcatel', 'Apt 303', 'Ermelo', '2370', 803),
(1677, 'Samsung', 'Apt 633', 'Gucun', '', 255),
(1678, 'Ericsson', 'Suite 60', 'Przasnysz', '06-302', 21),
(1680, 'BLU', '15th Floor', 'Lalupon', '', 657),
(1683, 'Huawei', 'Apt 984', 'Potosí', '524039', 502),
(1684, 'Sagem', '17th Floor', 'Ballyhaunis', 'F35', 244),
(1685, 'YU', 'Suite 8', 'Bang Racham', '16130', 314),
(1686, 'Nokia', 'Apt 682', 'Baishuiyang', '', 966),
(1687, 'BlackBerry', '10th Floor', 'Bayambang', '2423', 219),
(1689, 'NEC', 'Apt 1226', 'Yuping', '', 786),
(1690, 'Ulefone', 'Suite 24', 'Cabugao', '2732', 997),
(1693, 'BLU', 'Room 1162', 'Jingling', '', 238),
(1694, 'LG', 'PO Box 56143', 'Paynjuwayn', '', 948),
(1696, 'Meizu', 'Room 480', 'Düsseldorf', '40489', 968),
(1697, 'HTC', 'Apt 26', 'Xichangmen', '', 623),
(1698, 'Asus', 'PO Box 77345', 'Damanhūr', '', 525),
(1701, 'Celkon', 'Room 882', 'Algarvia', '9630-224', 713),
(1702, 'Motorola', 'Room 469', 'Seso', '', 869),
(1705, 'Toshiba', 'Room 1597', 'Lasi Dua', '', 347),
(1706, 'Sagem', 'Room 1702', 'Yanas', '', 267),
(1710, 'Nokia', 'PO Box 88177', 'Chrysó', '', 374),
(1712, 'Motorola', '10th Floor', 'Thị Trấn Việt Lâm', '', 392),
(1713, 'Prestigio', 'Room 1701', 'Ilovka', '309833', 891),
(1714, 'Philips', 'Suite 95', 'Juai', '', 321),
(1717, 'Meizu', '7th Floor', 'Jalālpur', '50781', 114),
(1719, 'i-mobile', 'PO Box 29482', 'Dangmu', '', 986),
(1721, 'Xiaomi', '4th Floor', 'Patemon', '', 253),
(1722, 'Samsung', 'Apt 450', 'San Jose del Monte', '4502', 762),
(1723, 'LG', '16th Floor', 'Nizui', '', 161),
(1724, 'HTC', 'Suite 73', 'Sangali', '1154', 921),
(1726, 'Motorola', 'PO Box 98200', 'Australia Square', '1213', 519),
(1727, 'Samsung', 'Room 698', 'Rožaje', '', 237),
(1728, 'BenQ-Siemens', 'Apt 1853', 'Sines', '7520-103', 970),
(1730, 'vivo', 'Suite 35', 'Florencio Sánchez', '', 903),
(1732, 'verykool', 'Suite 35', 'Novorossiysk', '353993', 578),
(1734, 'Unnecto', 'Apt 496', 'Neuville', 'T9M', 286),
(1735, 'Asus', '8th Floor', 'Nikol’skoye', '678214', 812),
(1737, 'T-Mobile', 'PO Box 70317', 'Maggotty', '', 873),
(1738, 'Ulefone', 'Apt 1720', 'Krasnyy Oktyabr’', '601021', 809),
(1739, 'Amazon', 'Room 94', 'Söderhamn', '826 86', 723),
(1743, 'Posh', 'PO Box 36136', 'Tosno', '187003', 692),
(1744, 'Lenovo', '7th Floor', 'Zhugang', '', 233),
(1746, 'vivo', 'PO Box 72234', 'Głubczyce', '48-100', 470),
(1747, 'Samsung', 'Apt 1797', 'Elmira', '14905', 967),
(1748, 'ZTE', 'PO Box 78590', 'Vani', '', 746),
(1751, 'Motorola', 'Suite 61', 'Satovcha', '2956', 103),
(1757, 'Samsung', 'PO Box 29640', 'Ban Haet', '10700', 186),
(1758, 'HTC', 'Suite 35', 'Koceljeva', '', 648),
(1759, 'Archos', 'Suite 54', 'Mesopotam', '', 757),
(1762, 'Nokia', 'PO Box 72981', 'Ronov nad Doubravou', '538 42', 675),
(1764, 'Micromax', 'PO Box 76603', 'Vitoria-Gasteiz', '01005', 333),
(1765, 'Ulefone', 'PO Box 85723', 'Priozërsk', '188760', 589),
(1773, 'ZTE', 'Suite 42', 'Yaviza', '', 767),
(1775, 'Samsung', 'Room 1390', 'Chongwen', '', 608),
(1776, 'Spice', 'PO Box 42459', 'Santa Rosa', '67803', 801),
(1780, 'Sagem', 'Room 177', 'Las Toscas', '', 420),
(1783, 'LG', 'Apt 42', 'Tripoli', '', 551),
(1784, 'Yezz', '17th Floor', 'Puncakwangi', '', 30),
(1785, 'Maxon', '18th Floor', 'Izazi', '', 722),
(1786, 'Sendo', 'Suite 37', 'Qingyang', '', 67),
(1787, 'Sony', 'Room 1977', 'Ballinteer', 'D6W', 525),
(1790, 'Samsung', 'Room 937', 'Naukot', '65011', 219),
(1793, 'verykool', 'PO Box 22024', 'Uhniv', '', 214),
(1794, 'Sony', 'Room 1965', 'Afareaitu', '', 140),
(1795, 'LG', 'Suite 61', 'Yogyakarta', '', 619),
(1798, 'Ericsson', 'Apt 661', 'Cái Dầu', '', 399),
(1804, 'Fujitsu', '2nd Floor', 'Panglanjan', '', 532),
(1806, 'Samsung', 'PO Box 33761', 'New Orleans', '70179', 407),
(1807, 'Micromax', 'PO Box 78870', 'Três Pontas', '37190-000', 848),
(1809, 'BLU', 'Room 1681', 'Xincun', '', 43),
(1810, 'HTC', '11th Floor', 'Piątnica', '18-421', 836),
(1811, 'Samsung', '17th Floor', 'Ciguha Tengah', '', 762),
(1813, 'Celkon', '17th Floor', 'Kidodi', '', 59),
(1814, 'Sony', 'Apt 1314', 'Manjing', '', 448),
(1818, 'Honor', 'Room 434', 'Suwałki', '16-433', 820),
(1819, 'Micromax', 'Suite 98', 'Kulunda', '249070', 656),
(1825, 'Realme', 'Apt 497', 'Suvorov', '301439', 423),
(1831, 'Huawei', '16th Floor', 'Ra-ngae', '96130', 108),
(1832, 'ZTE', 'Room 115', 'Xianchiyu', '', 125),
(1835, 'LG', 'Suite 94', 'Hainan', '', 266),
(1836, 'alcatel', 'PO Box 34000', 'Troyan', '5667', 23),
(1838, 'Asus', 'PO Box 63355', 'Cabricán', '09015', 195),
(1841, 'vivo', 'Room 689', 'Gulbene', '', 583),
(1843, 'BlackBerry', 'Room 307', 'Tarnowiec', '38-204', 786),
(1845, 'Archos', 'Apt 399', 'Dengfeng', '', 387),
(1846, 'Huawei', 'Room 515', 'Yangambi', '', 995),
(1848, 'NEC', 'Apt 1138', 'Kadubera', '', 68),
(1850, 'YU', 'Suite 37', 'Putatbasiun', '', 840),
(1852, 'Lava', '11th Floor', 'Marseille', '13444 CEDEX 06', 755),
(1853, 'Samsung', 'Apt 1299', 'Badu', '', 903),
(1854, 'Huawei', 'Suite 92', 'Ōarai', '311-1500', 553),
(1855, 'Vertu', 'PO Box 35757', 'Huanggang', '', 949),
(1856, 'Oppo', '14th Floor', 'Limbuhan', '7203', 104),
(1858, 'alcatel', '8th Floor', 'Baima', '', 76),
(1859, 'Lenovo', '16th Floor', 'Wiązownica', '37-522', 472),
(1860, 'T-Mobile', 'Apt 881', 'Hal’shany', '', 831),
(1861, 'Micromax', '9th Floor', 'Kiffa', '', 321),
(1865, 'Infinix', '9th Floor', 'Suez', '', 367);

-- --------------------------------------------------------

--
-- Table structure for table `migrations`
--

CREATE TABLE `migrations` (
  `id` int(10) UNSIGNED NOT NULL,
  `migration` varchar(255) NOT NULL,
  `batch` int(11) NOT NULL
) ENGINE=InnoDB DEFAULT CHARSET=utf8mb4 COLLATE=utf8mb4_unicode_ci;

--
-- Dumping data for table `migrations`
--

INSERT INTO `migrations` (`id`, `migration`, `batch`) VALUES
(1, '0001_01_01_000000_create_users_table', 1),
(2, '0001_01_01_000001_create_cache_table', 1),
(3, '0001_01_01_000002_create_jobs_table', 1),
(4, '2024_06_03_123937_update_product', 2),
(5, '2024_06_03_131447_product_crud', 2);

-- --------------------------------------------------------

--
-- Table structure for table `password_reset_tokens`
--

CREATE TABLE `password_reset_tokens` (
  `email` varchar(255) NOT NULL,
  `token` varchar(255) NOT NULL,
  `created_at` timestamp NULL DEFAULT NULL
) ENGINE=InnoDB DEFAULT CHARSET=utf8mb4 COLLATE=utf8mb4_unicode_ci;

-- --------------------------------------------------------

--
-- Table structure for table `product`
--

CREATE TABLE `product` (
  `id_product` int(11) NOT NULL,
  `name` varchar(255) NOT NULL,
  `price` decimal(10,0) NOT NULL,
  `description` text NOT NULL,
  `image` varchar(255) NOT NULL,
  `release_date` date NOT NULL,
  `category_id` int(11) NOT NULL
) ENGINE=InnoDB DEFAULT CHARSET=utf8 COLLATE=utf8_general_ci;

--
-- Dumping data for table `product`
--

INSERT INTO `product` (`id_product`, `name`, `price`, `description`, `image`, `release_date`, `category_id`) VALUES
(1, 'Iphone 15', 500, 'Integer aliquet, massa id lobortis convallis, tortor risus dapibus augue, vel accumsan tellus nisi eu orci. Mauris lacinia sapien quis libero. Nullam sit amet turpis elementum ligula vehicula consequat. Morbi a ipsum. Integer a nibh. In quis justo.', '/assets/iPhone15.webp', '2024-06-04', 1),
(2, 'Motorola DROID RAZR MAXX HD', 0, 'Donec semper sapien a libero. Nam dui. Proin leo odio, porttitor id, consequat in, consequat ut, nulla. Sed accumsan felis. Ut at dolor quis odio consequat varius. Integer ac leo.', 'jabraelite.webp', '0000-00-00', 2),
(3, 'Karbonn Titanium S1 Plus', 0, 'Nulla facilisi. Cras non velit nec nisi vulputate nonummy. Maecenas tincidunt lacus at velit. Vivamus vel nulla eget eros elementum pellentesque. Quisque porta volutpat erat. Quisque erat eros, viverra eget, congue eget, semper rutrum, nulla. Nunc purus.', 'data:image/png;base64,iVBORw0KGgoAAAANSUhEUgAAABAAAAAQCAYAAAAf8/9hAAAABGdBTUEAAK/INwWK6QAAABl0RVh0U29mdHdhcmUAQWRvYmUgSW1hZ2VSZWFkeXHJZTwAAAJ/SURBVDjLY/j//z8DJZgsTV+9fAu+uHo8+GzvXECWAV+c3R//mTn9/ydLu4eka3ZyY/ts63T3k4Xt+4/GlqS74JONY+9Hc5tdH4wsmAmGgWv9xQKX2', '0000-00-00', 3),
(4, 'Asus Zenfone Max Plus (M2) ZB634KL', 0, 'Morbi vestibulum, velit id pretium iaculis, diam erat fermentum justo, nec condimentum neque sapien placerat ante. Nulla justo. Aliquam quis turpis eget elit sodales scelerisque. Mauris sit amet eros. Suspendisse accumsan tortor quis turpis. Sed ante.', 'data:image/png;base64,iVBORw0KGgoAAAANSUhEUgAAABAAAAAQCAYAAAAf8/9hAAAABGdBTUEAAK/INwWK6QAAABl0RVh0U29mdHdhcmUAQWRvYmUgSW1hZ2VSZWFkeXHJZTwAAAIzSURBVDjLpVO7a1NRGP/dm9ubpGlMioGiLdFBHCyFtksHZ6tiQZAMEbqZwTGgkw7B3cmugoOL/0ATujadlIZchCwGWlERF5XbNOc+zsPvnNvUQmMWA', '0000-00-00', 4),
(5, 'Icemobile Crystal', 0, 'Proin at turpis a pede posuere nonummy. Integer non velit.', 'data:image/png;base64,iVBORw0KGgoAAAANSUhEUgAAABAAAAAQCAYAAAAf8/9hAAAABGdBTUEAAK/INwWK6QAAABl0RVh0U29mdHdhcmUAQWRvYmUgSW1hZ2VSZWFkeXHJZTwAAALBSURBVDjLbVNLSFRRGP7uw3lpw5TaNCZ5R6eEhIhahBFRoIsetEgJImhRUBQTUpCLFhK5dN8ycDESLSqCULLoSVZYDZYDTo7TOCTJTOk4zeu+Tv+5O', '0000-00-00', 5),
(6, 'LG Watch Style', 0, 'Morbi vel lectus in quam fringilla rhoncus. Mauris enim leo, rhoncus sed, vestibulum sit amet, cursus id, turpis. Integer aliquet, massa id lobortis convallis, tortor risus dapibus augue, vel accumsan tellus nisi eu orci. Mauris lacinia sapien quis libero. Nullam sit amet turpis elementum ligula vehicula consequat. Morbi a ipsum. Integer a nibh. In quis justo. Maecenas rhoncus aliquam lacus.', 'data:image/png;base64,iVBORw0KGgoAAAANSUhEUgAAABAAAAAQCAYAAAAf8/9hAAAABGdBTUEAAK/INwWK6QAAABl0RVh0U29mdHdhcmUAQWRvYmUgSW1hZ2VSZWFkeXHJZTwAAADGSURBVDjLY/j//z8DJZhh1ADsBhyJkKs44Mv3cI8Ty7+drsyPgLiCaAOOhMuVXyy2+Pl9a+//f9d2/P+6ouj/6WzdP7ucWXKJMmCnC/Pdb0DN/yf5/', '0000-00-00', 6),
(7, 'LG Optimus L3 E405', 0, 'Fusce consequat. Nulla nisl. Nunc nisl. Duis bibendum, felis sed interdum venenatis, turpis enim blandit mi, in porttitor pede justo eu massa. Donec dapibus. Duis at velit eu est congue elementum.', 'data:image/png;base64,iVBORw0KGgoAAAANSUhEUgAAABAAAAAQCAYAAAAf8/9hAAAABGdBTUEAAK/INwWK6QAAABl0RVh0U29mdHdhcmUAQWRvYmUgSW1hZ2VSZWFkeXHJZTwAAAJFSURBVDjLpZPNS1RhFMZ/5733zkzjR/ZBCUpoJdUiBCkll4m0CUKJIGpVSLjyL2gntDFop6shAolWbcSNIW0ircHBUHCloo3VjNY0jjP3831bWA5ai', '0000-00-00', 7),
(8, 'Gigabyte GSmart MS802', 0, 'Donec ut dolor. Morbi vel lectus in quam fringilla rhoncus. Mauris enim leo, rhoncus sed, vestibulum sit amet, cursus id, turpis. Integer aliquet, massa id lobortis convallis, tortor risus dapibus augue, vel accumsan tellus nisi eu orci. Mauris lacinia sapien quis libero. Nullam sit amet turpis elementum ligula vehicula consequat. Morbi a ipsum. Integer a nibh. In quis justo.', 'data:image/png;base64,iVBORw0KGgoAAAANSUhEUgAAABAAAAAQCAYAAAAf8/9hAAAABGdBTUEAAK/INwWK6QAAABl0RVh0U29mdHdhcmUAQWRvYmUgSW1hZ2VSZWFkeXHJZTwAAALVSURBVDjLdZJdSFNxGMafc3Y2PdN2pGYjsdS2WFu1oiy8KKSINPqAGtgwhMgKrMAkiIigu7oIvRDCPjCKgj7og27sg6ALg75EW2roMldGpbk2t7nV/', '0000-00-00', 8),
(9, 'Apple iPad Air', 0, 'In blandit ultrices enim.', 'data:image/png;base64,iVBORw0KGgoAAAANSUhEUgAAABAAAAAQCAQAAAC1+jfqAAAABGdBTUEAAK/INwWK6QAAABl0RVh0U29mdHdhcmUAQWRvYmUgSW1hZ2VSZWFkeXHJZTwAAADISURBVCjPvdCxicQwEAXQzzlwcMZg9jhFKy5QpsyRcKLIYJxsYLAruApUgSu4DlTBdLAVbCO/jblgxcImDs1P3/wZBorj4BSw7qussmyKeRslStgVC', '0000-00-00', 9),
(10, 'LG L90 Dual D410', 0, 'Phasellus sit amet erat. Nulla tempus. Vivamus in felis eu sapien cursus vestibulum. Proin eu mi. Nulla ac enim. In tempor, turpis nec euismod scelerisque, quam turpis adipiscing lorem, vitae mattis nibh ligula nec sem. Duis aliquam convallis nunc. Proin at turpis a pede posuere nonummy. Integer non velit.', 'data:image/png;base64,iVBORw0KGgoAAAANSUhEUgAAABAAAAAQCAYAAAAf8/9hAAAABGdBTUEAAK/INwWK6QAAABl0RVh0U29mdHdhcmUAQWRvYmUgSW1hZ2VSZWFkeXHJZTwAAAKoSURBVDjLnZPdS5NhGMYVRIjwnyiKPojSTiKCCP+EDoqyA0H6OrAI3VjOVso2STTLQUmUI/REVzbQXNqqvVu6LSvbJ+7L3k3Wmpturj37dFfP88aGl', '0000-00-00', 10),
(11, 'Huawei G6310', 0, 'In quis justo. Maecenas rhoncus aliquam lacus. Morbi quis tortor id nulla ultrices aliquet. Maecenas leo odio, condimentum id, luctus nec, molestie sed, justo. Pellentesque viverra pede ac diam. Cras pellentesque volutpat dui. Maecenas tristique, est et tempus semper, est quam pharetra magna, ac consequat metus sapien ut nunc. Vestibulum ante ipsum primis in faucibus orci luctus et ultrices posuere cubilia Curae; Mauris viverra diam vitae quam. Suspendisse potenti.', 'data:image/png;base64,iVBORw0KGgoAAAANSUhEUgAAABAAAAAQCAYAAAAf8/9hAAAABGdBTUEAAK/INwWK6QAAABl0RVh0U29mdHdhcmUAQWRvYmUgSW1hZ2VSZWFkeXHJZTwAAAIMSURBVDjLpZLLaxpRFMZHCEIp/V/SfaGL/gXdZxMIpd0kgo6jINoH6iIIBd1kFRdmoZUOs4pVXDhKfJCA+AQfAz4QCQSf41tP77lwB2mTLtILZ2Zzf', '0000-00-00', 11),
(12, 'Motorola V360', 0, 'Proin eu mi. Nulla ac enim. In tempor, turpis nec euismod scelerisque, quam turpis adipiscing lorem, vitae mattis nibh ligula nec sem. Duis aliquam convallis nunc. Proin at turpis a pede posuere nonummy. Integer non velit. Donec diam neque, vestibulum eget, vulputate ut, ultrices vel, augue. Vestibulum ante ipsum primis in faucibus orci luctus et ultrices posuere cubilia Curae; Donec pharetra, magna vestibulum aliquet ultrices, erat tortor sollicitudin mi, sit amet lobortis sapien sapien non mi.', 'data:image/png;base64,iVBORw0KGgoAAAANSUhEUgAAABAAAAAQCAYAAAAf8/9hAAAABGdBTUEAAK/INwWK6QAAABl0RVh0U29mdHdhcmUAQWRvYmUgSW1hZ2VSZWFkeXHJZTwAAAKFSURBVDjLfZM7aBRhEMd/3+7t7W7OmJjnxRjDKUYNnPEJHjZqo4WIEAQhFhY+asVGsLIUbGwVRMFGfKDpRWzEqCEKIko0GlQ0MV4e5u5279sZi+AjR', '0000-00-00', 12),
(13, 'Asus Memo Pad HD7 16 GB', 0, 'Donec semper sapien a libero.', 'data:image/png;base64,iVBORw0KGgoAAAANSUhEUgAAABAAAAAQCAYAAAAf8/9hAAAABGdBTUEAAK/INwWK6QAAABl0RVh0U29mdHdhcmUAQWRvYmUgSW1hZ2VSZWFkeXHJZTwAAACtSURBVDjL7dIxCwFxHMbxX8mmDAa67tV4D7wDZTolMlzpn+QoouNlyMZ0Vyc5g1v/JQPdYlJGmb5egbpLNsOzfuqprwDyzeQPfABc08A1FdOSZlLQO', '0000-00-00', 13),
(14, 'BlackBerry Bold 9650', 0, 'Aenean fermentum. Donec ut mauris eget massa tempor convallis. Nulla neque libero, convallis eget, eleifend luctus, ultricies eu, nibh. Quisque id justo sit amet sapien dignissim vestibulum. Vestibulum ante ipsum primis in faucibus orci luctus et ultrices posuere cubilia Curae; Nulla dapibus dolor vel est. Donec odio justo, sollicitudin ut, suscipit a, feugiat et, eros. Vestibulum ac est lacinia nisi venenatis tristique. Fusce congue, diam id ornare imperdiet, sapien urna pretium nisl, ut volutpat sapien arcu sed augue. Aliquam erat volutpat. In congue.', 'data:image/png;base64,iVBORw0KGgoAAAANSUhEUgAAABAAAAAQCAYAAAAf8/9hAAAABGdBTUEAAK/INwWK6QAAABl0RVh0U29mdHdhcmUAQWRvYmUgSW1hZ2VSZWFkeXHJZTwAAAJQSURBVDjLjZNvSBNxGMeX9O+FOAkaLbehozdGRGiMQqTIlEqJMIig3oxl0YxcgYt6FUZRryLYwpFWCr2wXgjBIMJMYhFjgZSiEXOg5c5N593udne7u', '0000-00-00', 14),
(15, 'Celkon C20', 0, 'Vestibulum ante ipsum primis in faucibus orci luctus et ultrices posuere cubilia Curae; Mauris viverra diam vitae quam. Suspendisse potenti. Nullam porttitor lacus at turpis. Donec posuere metus vitae ipsum. Aliquam non mauris. Morbi non lectus. Aliquam sit amet diam in magna bibendum imperdiet. Nullam orci pede, venenatis non, sodales sed, tincidunt eu, felis.', 'data:image/png;base64,iVBORw0KGgoAAAANSUhEUgAAABAAAAAQCAYAAAAf8/9hAAAABGdBTUEAAK/INwWK6QAAABl0RVh0U29mdHdhcmUAQWRvYmUgSW1hZ2VSZWFkeXHJZTwAAAKOSURBVDjLdVNNTxphEH5YVhZFRCCNmB6UYmgIRSJJD6QcS0QTT7145NT/4KUXY4yJHjzzB/gDJl68NE0IJCbaA+GzJBQBQ1RU1ALLbmfeAqmJTjJ53', '0000-00-00', 15),
(16, 'Samsung L320', 0, 'Duis consequat dui nec nisi volutpat eleifend. Donec ut dolor.', 'data:image/png;base64,iVBORw0KGgoAAAANSUhEUgAAABAAAAAQCAYAAAAf8/9hAAAABGdBTUEAAK/INwWK6QAAABl0RVh0U29mdHdhcmUAQWRvYmUgSW1hZ2VSZWFkeXHJZTwAAAJDSURBVDjLxVNdSFNhGH7OD3NmuaVnapg5lVCJKINWlBJFYGTSz0XYReHFIJFdehEEFkEF3kd00ZWFXSlIYgyDRlsLJVkbEgu3JjpxZqaOOde+8329Z', '0000-00-00', 16),
(17, 'Motorola V230', 0, 'Donec ut mauris eget massa tempor convallis. Nulla neque libero, convallis eget, eleifend luctus, ultricies eu, nibh. Quisque id justo sit amet sapien dignissim vestibulum. Vestibulum ante ipsum primis in faucibus orci luctus et ultrices posuere cubilia Curae; Nulla dapibus dolor vel est. Donec odio justo, sollicitudin ut, suscipit a, feugiat et, eros. Vestibulum ac est lacinia nisi venenatis tristique. Fusce congue, diam id ornare imperdiet, sapien urna pretium nisl, ut volutpat sapien arcu sed augue. Aliquam erat volutpat. In congue.', 'data:image/png;base64,iVBORw0KGgoAAAANSUhEUgAAABAAAAAQCAYAAAAf8/9hAAAABGdBTUEAAK/INwWK6QAAABl0RVh0U29mdHdhcmUAQWRvYmUgSW1hZ2VSZWFkeXHJZTwAAAHXSURBVBgZpcE/S5VhGMfx7+8+T2VI0SDVKvYSrKE/0FsIwgZpCFqiISSiIcoigkIosWyrOR16AU2NETSGZUQoiNYgBJ1znufcz3VdeUvOIX4+igj2Q', '0000-00-00', 17),
(18, 'Huawei Y625', 0, 'Cum sociis natoque penatibus et magnis dis parturient montes, nascetur ridiculus mus. Vivamus vestibulum sagittis sapien.', 'data:image/png;base64,iVBORw0KGgoAAAANSUhEUgAAABAAAAAQCAYAAAAf8/9hAAAABGdBTUEAAK/INwWK6QAAABl0RVh0U29mdHdhcmUAQWRvYmUgSW1hZ2VSZWFkeXHJZTwAAAI5SURBVBgZpcE9SFVhAMfh33vue49X85ih1tUI0cXbF7QkCA5BQVAtbU3VUC3O0dbHWHNQUxE0NQYREUU0BoHUYB9qVJRdLe/V+6HnnPe8/4xu5NIQP', '0000-00-00', 18),
(19, 'Karbonn K102+ Flair', 0, 'Phasellus in felis. Donec semper sapien a libero. Nam dui. Proin leo odio, porttitor id, consequat in, consequat ut, nulla. Sed accumsan felis. Ut at dolor quis odio consequat varius. Integer ac leo. Pellentesque ultrices mattis odio.', 'data:image/png;base64,iVBORw0KGgoAAAANSUhEUgAAABAAAAAQCAYAAAAf8/9hAAAABGdBTUEAAK/INwWK6QAAABl0RVh0U29mdHdhcmUAQWRvYmUgSW1hZ2VSZWFkeXHJZTwAAAK/SURBVDjLbZNNaFRXFMd/72U+dDLNRItGUSeJiagTJ6IQhdhaWoopFCJiF10UBAXpSlHcddHi0oUbkXYRFURE/NiIIjSkpCpdtGoTJG20iUMsMZJok', '0000-00-00', 19),
(20, 'Samsung Galaxy Note 3 Neo Duos', 0, 'Praesent id massa id nisl venenatis lacinia. Aenean sit amet justo. Morbi ut odio.', 'data:image/png;base64,iVBORw0KGgoAAAANSUhEUgAAABAAAAAQCAYAAAAf8/9hAAAABGdBTUEAAK/INwWK6QAAABl0RVh0U29mdHdhcmUAQWRvYmUgSW1hZ2VSZWFkeXHJZTwAAAInSURBVDjLpVPLahNRGP5mcrWZhGgaLEwtJFJJqQEXgoKIkKBkKfoAeYKA4M7S4kLyDF34AF4eIIOQMC7sooqbECExImnSGgwqTTtmcubm+Y9MSAWh0', '0000-00-00', 20),
(21, 'Huawei Mate 20 lite', 0, 'Nam dui. Proin leo odio, porttitor id, consequat in, consequat ut, nulla. Sed accumsan felis.', 'data:image/png;base64,iVBORw0KGgoAAAANSUhEUgAAABAAAAAQCAYAAAAf8/9hAAAABGdBTUEAAK/INwWK6QAAABl0RVh0U29mdHdhcmUAQWRvYmUgSW1hZ2VSZWFkeXHJZTwAAAIJSURBVDjLpZM9SJVRGMd/532vetOswQgjSoW2gj4Gh4ZoiIKGwGi4EtQQ0VxLQhAOEW2NzUVLOQRBBioUakGT5CBiGhZe8aameLv3nPc9H0/DvX7hH', '0000-00-00', 21),
(22, 'Philips Xenium', 0, 'Ut tellus. Nulla ut erat id mauris vulputate elementum.', 'data:image/png;base64,iVBORw0KGgoAAAANSUhEUgAAABAAAAAQCAYAAAAf8/9hAAAABGdBTUEAAK/INwWK6QAAABl0RVh0U29mdHdhcmUAQWRvYmUgSW1hZ2VSZWFkeXHJZTwAAAENSURBVDjLpZM/SwNREMTnxBRpFYmctaKCfwrBSCrRLuL3iEW6+EEUG8XvIVjYWNgJdhFjIXamv3s7u/ssrtO7hFy2fcOPmd03SYwR88xi1cPgpRdjj', '0000-00-00', 22),
(23, 'Unnecto Drone X', 0, 'Etiam pretium iaculis justo. In hac habitasse platea dictumst.', 'data:image/png;base64,iVBORw0KGgoAAAANSUhEUgAAABAAAAAQCAYAAAAf8/9hAAAABGdBTUEAAK/INwWK6QAAABl0RVh0U29mdHdhcmUAQWRvYmUgSW1hZ2VSZWFkeXHJZTwAAAKDSURBVDjLjdFNTNJxHAZw69CWHjp16O2AZB3S1ovOObaI8NBYuuZAhqjIQkzJoSIZBmSCpVuK/sE/WimU6N9SDM0R66IHbabie1hrg0MK3Zo5a8vwi', '0000-00-00', 23),
(24, 'Bird S1186', 0, 'In tempor, turpis nec euismod scelerisque, quam turpis adipiscing lorem, vitae mattis nibh ligula nec sem. Duis aliquam convallis nunc. Proin at turpis a pede posuere nonummy. Integer non velit.', 'data:image/png;base64,iVBORw0KGgoAAAANSUhEUgAAABAAAAAQCAYAAAAf8/9hAAAABGdBTUEAAK/INwWK6QAAABl0RVh0U29mdHdhcmUAQWRvYmUgSW1hZ2VSZWFkeXHJZTwAAAJ3SURBVDjLfZLNi01xGMc/zzm/c9/NDMZLudOENGPyLkphw5aFkrKgLFhbWZCV/AeyVBMlpCQbFEWRBRKGMcMMo7yOe+fOueeec+7v91jc8TLT8Cy/P', '0000-00-00', 24),
(25, 'Motorola W160', 0, 'Nunc nisl. Duis bibendum, felis sed interdum venenatis, turpis enim blandit mi, in porttitor pede justo eu massa. Donec dapibus. Duis at velit eu est congue elementum. In hac habitasse platea dictumst. Morbi vestibulum, velit id pretium iaculis, diam erat fermentum justo, nec condimentum neque sapien placerat ante. Nulla justo. Aliquam quis turpis eget elit sodales scelerisque. Mauris sit amet eros. Suspendisse accumsan tortor quis turpis.', 'data:image/png;base64,iVBORw0KGgoAAAANSUhEUgAAABAAAAAQCAYAAAAf8/9hAAAABGdBTUEAAK/INwWK6QAAABl0RVh0U29mdHdhcmUAQWRvYmUgSW1hZ2VSZWFkeXHJZTwAAAK4SURBVDjLbZJfSFNhGMaf72znbGfNaTRboKViYQUqmFp0IxVEFyMpoaQVBCWhV3kRdBPdCN2kiBBRgURdpBddCDIwIYoILcwyJEJiC8tIJZuzze387', '0000-00-00', 25),
(26, 'Lenovo Vibe P1m', 0, 'Vivamus metus arcu, adipiscing molestie, hendrerit at, vulputate vitae, nisl. Aenean lectus. Pellentesque eget nunc.', 'data:image/png;base64,iVBORw0KGgoAAAANSUhEUgAAABAAAAAQCAYAAAAf8/9hAAAABGdBTUEAAK/INwWK6QAAABl0RVh0U29mdHdhcmUAQWRvYmUgSW1hZ2VSZWFkeXHJZTwAAALRSURBVDjLfVNbSJNhGP6li24C6UIiDHWah83UdJv7d7R5oiiPWGp5yIUHNNF0acNjrmWe5gx1Ujmd+pubW8upaSWZRilZdhN00WVBEAgalSK5p18hc', '0000-00-00', 26),
(27, 'Motorola E1120', 0, 'Suspendisse ornare consequat lectus. In est risus, auctor sed, tristique in, tempus sit amet, sem. Fusce consequat. Nulla nisl. Nunc nisl. Duis bibendum, felis sed interdum venenatis, turpis enim blandit mi, in porttitor pede justo eu massa. Donec dapibus. Duis at velit eu est congue elementum.', 'data:image/png;base64,iVBORw0KGgoAAAANSUhEUgAAABAAAAAQCAYAAAAf8/9hAAAABGdBTUEAAK/INwWK6QAAABl0RVh0U29mdHdhcmUAQWRvYmUgSW1hZ2VSZWFkeXHJZTwAAAJjSURBVDjLpZNLbxJhFIb7A/wF/A5YunTDzuqmO+PdsDFx0dSVpJq4aIyQmUIU06a1gUqCJlXb1Ehb6QhiGgsdKFNAwAIOhWEcBobLUI5zPpgRLzsne', '0000-00-00', 27),
(28, 'HP iPAQ h6320', 0, 'Morbi vestibulum, velit id pretium iaculis, diam erat fermentum justo, nec condimentum neque sapien placerat ante. Nulla justo. Aliquam quis turpis eget elit sodales scelerisque.', 'data:image/png;base64,iVBORw0KGgoAAAANSUhEUgAAABAAAAAQCAYAAAAf8/9hAAAABGdBTUEAAK/INwWK6QAAABl0RVh0U29mdHdhcmUAQWRvYmUgSW1hZ2VSZWFkeXHJZTwAAAMNSURBVDjLdZNLaFx1GMV/d+bO3DtJxkwSSWNq05YkrTVa04qIiOiiRIxgE2ohhUIKRQQFBcGiIiJiFaGIYEFERFy5dCE1pQ8JIbSEJhG66GM6idOk6', '0000-00-00', 28),
(29, 'Unnecto Omnia', 0, 'In est risus, auctor sed, tristique in, tempus sit amet, sem. Fusce consequat. Nulla nisl. Nunc nisl. Duis bibendum, felis sed interdum venenatis, turpis enim blandit mi, in porttitor pede justo eu massa. Donec dapibus. Duis at velit eu est congue elementum. In hac habitasse platea dictumst. Morbi vestibulum, velit id pretium iaculis, diam erat fermentum justo, nec condimentum neque sapien placerat ante. Nulla justo.', 'data:image/png;base64,iVBORw0KGgoAAAANSUhEUgAAABAAAAAQCAYAAAAf8/9hAAAABGdBTUEAAK/INwWK6QAAABl0RVh0U29mdHdhcmUAQWRvYmUgSW1hZ2VSZWFkeXHJZTwAAAIuSURBVDjLjZNPiFJRFManVo24jYISClqli3KGp0VY7mSCBqKoIHIIahFtStwUCPVGIiloRJmkqQERiqBFIZGtcgrHrCGaFo+hCQlCU9/T558n/v+69', '0000-00-00', 29),
(30, 'Motorola W180', 0, 'Donec ut dolor. Morbi vel lectus in quam fringilla rhoncus. Mauris enim leo, rhoncus sed, vestibulum sit amet, cursus id, turpis. Integer aliquet, massa id lobortis convallis, tortor risus dapibus augue, vel accumsan tellus nisi eu orci. Mauris lacinia sapien quis libero. Nullam sit amet turpis elementum ligula vehicula consequat. Morbi a ipsum.', 'data:image/png;base64,iVBORw0KGgoAAAANSUhEUgAAABAAAAAQCAYAAAAf8/9hAAAABGdBTUEAAK/INwWK6QAAABl0RVh0U29mdHdhcmUAQWRvYmUgSW1hZ2VSZWFkeXHJZTwAAAG+SURBVDjLnZNNSwJRFIbfGccPCKJMoqSwdBcEobUQWrmIChJs07pVuA36By0KWrTtB7hqGSQSFBGCbdq0ECkhSmgxldmHOuP9aO4VpSEV6cDhHu7c8', '0000-00-00', 30),
(31, 'verykool T742', 0, 'Vestibulum ante ipsum primis in faucibus orci luctus et ultrices posuere cubilia Curae; Donec pharetra, magna vestibulum aliquet ultrices, erat tortor sollicitudin mi, sit amet lobortis sapien sapien non mi. Integer ac neque. Duis bibendum. Morbi non quam nec dui luctus rutrum. Nulla tellus. In sagittis dui vel nisl. Duis ac nibh. Fusce lacus purus, aliquet at, feugiat non, pretium quis, lectus.', 'data:image/png;base64,iVBORw0KGgoAAAANSUhEUgAAABAAAAAQCAYAAAAf8/9hAAAABGdBTUEAAK/INwWK6QAAABl0RVh0U29mdHdhcmUAQWRvYmUgSW1hZ2VSZWFkeXHJZTwAAAH3SURBVDjLjZNPaxpRFMXTfo4E+h1S8hmy7bJ0G+i60ECg2QXaIqVaqwttplXCSEMNDlZTqdEaEkyslIo4s9BG4yIOYzIo/v+Xnrz7UofR2DYDh1m8d', '0000-00-00', 31),
(32, 'Huawei MediaPad M5 10', 0, 'Donec diam neque, vestibulum eget, vulputate ut, ultrices vel, augue. Vestibulum ante ipsum primis in faucibus orci luctus et ultrices posuere cubilia Curae; Donec pharetra, magna vestibulum aliquet ultrices, erat tortor sollicitudin mi, sit amet lobortis sapien sapien non mi. Integer ac neque.', 'data:image/png;base64,iVBORw0KGgoAAAANSUhEUgAAABAAAAAQCAYAAAAf8/9hAAAABGdBTUEAAK/INwWK6QAAABl0RVh0U29mdHdhcmUAQWRvYmUgSW1hZ2VSZWFkeXHJZTwAAAHiSURBVDjLjZNfT9NQGMbBb+C9GD+DmH0BvQIXECJKEGUmXpp4TyAQAtdotsTFxAs/AFeEhBsTjHEOZFKmMOBCuNnfzHbrunb9cx7f99SVbtkCTX5p0', '0000-00-00', 32),
(33, 'Sewon SG-1000', 0, 'Duis at velit eu est congue elementum. In hac habitasse platea dictumst. Morbi vestibulum, velit id pretium iaculis, diam erat fermentum justo, nec condimentum neque sapien placerat ante.', 'data:image/png;base64,iVBORw0KGgoAAAANSUhEUgAAABAAAAAQCAYAAAAf8/9hAAAABGdBTUEAAK/INwWK6QAAABl0RVh0U29mdHdhcmUAQWRvYmUgSW1hZ2VSZWFkeXHJZTwAAAKzSURBVBgZBcFNbJNlAADg53v7tdR1o4vup/yk20IQxqZsLIskCsaTGi7sYDzIzYtctDEkXkwWEhOvix4kRG8eOKkh/iUmDgJiREVh6PidcRnb2Ngcg', '0000-00-00', 33),
(34, 'verykool s4008 Leo V', 0, 'Donec diam neque, vestibulum eget, vulputate ut, ultrices vel, augue. Vestibulum ante ipsum primis in faucibus orci luctus et ultrices posuere cubilia Curae; Donec pharetra, magna vestibulum aliquet ultrices, erat tortor sollicitudin mi, sit amet lobortis sapien sapien non mi. Integer ac neque. Duis bibendum. Morbi non quam nec dui luctus rutrum. Nulla tellus. In sagittis dui vel nisl. Duis ac nibh.', 'data:image/png;base64,iVBORw0KGgoAAAANSUhEUgAAABAAAAAQCAYAAAAf8/9hAAAABGdBTUEAAK/INwWK6QAAABl0RVh0U29mdHdhcmUAQWRvYmUgSW1hZ2VSZWFkeXHJZTwAAAHYSURBVDjLjZPLSxtRFMa1f0UXCl0VN66igg80kQZtsLiUWhe14MKFIFHbIEF8BNFFKYVkkT9GKFJooXTToq2gLkQT82oyjzuvO8nXe65mmIkRHfg2c', '0000-00-00', 34),
(35, 'Motorola V361', 0, 'Integer ac leo. Pellentesque ultrices mattis odio. Donec vitae nisi. Nam ultrices, libero non mattis pulvinar, nulla pede ullamcorper augue, a suscipit nulla elit ac nulla.', 'data:image/png;base64,iVBORw0KGgoAAAANSUhEUgAAABAAAAAQCAYAAAAf8/9hAAAABGdBTUEAAK/INwWK6QAAABl0RVh0U29mdHdhcmUAQWRvYmUgSW1hZ2VSZWFkeXHJZTwAAAMxSURBVBgZdcFraFtlAAbg9zvnO5fcTk7Smda2SRvbLbau69aSUXWdE4rTuTlBnUxkYzgUFX9VLKJ4mQoyEMShwqygqKWKjKEDYSiuk152payKTdvFZ', '0000-00-00', 35),
(36, 'Pantech Pocket P9060', 0, 'Proin eu mi. Nulla ac enim.', 'data:image/png;base64,iVBORw0KGgoAAAANSUhEUgAAABAAAAAQCAYAAAAf8/9hAAAABGdBTUEAAK/INwWK6QAAABl0RVh0U29mdHdhcmUAQWRvYmUgSW1hZ2VSZWFkeXHJZTwAAAJlSURBVDjLpZNrSJNRGMdlr7qat+zKaoYhjqYphRCWCtKFoCj60CeRpDB0djHUSMOZm0JhGEmlNhczXXunDgy7TNcVcsjGpk6dNsiJyyjWNg3ZnJfef', '0000-00-00', 36),
(37, 'Samsung Z240', 0, 'Aenean auctor gravida sem. Praesent id massa id nisl venenatis lacinia. Aenean sit amet justo. Morbi ut odio. Cras mi pede, malesuada in, imperdiet et, commodo vulputate, justo. In blandit ultrices enim.', 'data:image/png;base64,iVBORw0KGgoAAAANSUhEUgAAABAAAAAQCAYAAAAf8/9hAAAABGdBTUEAAK/INwWK6QAAABl0RVh0U29mdHdhcmUAQWRvYmUgSW1hZ2VSZWFkeXHJZTwAAAHtSURBVDjLpZNfSFNhGMYXZ110E1QYFRR6Yd0kIhgE3ozlIII1oQvzwjAUtD8jSFILoigISqrVCAy2u6y5aAQpuJH9cUabK06GSEOnHCcrzAzsrJ3Z3', '0000-00-00', 37),
(38, 'Huawei Ascend G7', 0, 'Nulla nisl. Nunc nisl.', 'data:image/png;base64,iVBORw0KGgoAAAANSUhEUgAAABAAAAAQCAYAAAAf8/9hAAAABGdBTUEAAK/INwWK6QAAABl0RVh0U29mdHdhcmUAQWRvYmUgSW1hZ2VSZWFkeXHJZTwAAALuSURBVBgZpcFPaJtlHMDx7/PmTZq26b8laZ2m69qJS6dWUVa7oqDOQg9DUPTgwYPgRaenXeZNGEJB2UmLiiCi6MBd1O6iqzgota5sq8uy1nWbrX/Sb', '0000-00-00', 38),
(39, 'alcatel Flash Plus 2', 0, 'Praesent blandit. Nam nulla. Integer pede justo, lacinia eget, tincidunt eget, tempus vel, pede. Morbi porttitor lorem id ligula. Suspendisse ornare consequat lectus.', 'data:image/png;base64,iVBORw0KGgoAAAANSUhEUgAAABAAAAAQCAYAAAAf8/9hAAAABGdBTUEAAK/INwWK6QAAABl0RVh0U29mdHdhcmUAQWRvYmUgSW1hZ2VSZWFkeXHJZTwAAAJvSURBVDjLpZPrS5NhGIf9W7YvBYOkhlkoqCklWChv2WyKik7blnNris72bi6dus0DLZ0TDxW1odtopDs4D8MDZuLU0kXq61CijSIIasOvv94VTUfLi', '0000-00-00', 39),
(40, 'Pantech Flex  P8010', 0, 'Nulla justo. Aliquam quis turpis eget elit sodales scelerisque.', 'data:image/png;base64,iVBORw0KGgoAAAANSUhEUgAAABAAAAAQCAYAAAAf8/9hAAAABGdBTUEAAK/INwWK6QAAABl0RVh0U29mdHdhcmUAQWRvYmUgSW1hZ2VSZWFkeXHJZTwAAALzSURBVDjLdZPdT5JhGMaZf4Bbh3ZaBzn/gU46MM1iNrf8WExNVyz1IDUOHCFpfq4PmmZmtTTT8GMJNGAO0hgi8a0oIBAGfoS4N12gmUpmL1fPy9LGp', '0000-00-00', 40),
(41, 'verykool s354', 0, 'Lorem ipsum dolor sit amet, consectetuer adipiscing elit. Proin risus. Praesent lectus. Vestibulum quam sapien, varius ut, blandit non, interdum in, ante.', 'data:image/png;base64,iVBORw0KGgoAAAANSUhEUgAAABAAAAAQCAYAAAAf8/9hAAAABGdBTUEAAK/INwWK6QAAABl0RVh0U29mdHdhcmUAQWRvYmUgSW1hZ2VSZWFkeXHJZTwAAAKgSURBVDjLY/j//z8DJRhMmJQd+x89/W4IRQbY1x5L8590dzmy5PuIqC4gfvA+PPIyEMfhNqD06H+L9gfG9p33/jr23OMEiX30DTj8yT/oFxCf+hAYf', '0000-00-00', 41),
(42, 'Icemobile G2', 0, 'Integer ac leo. Pellentesque ultrices mattis odio. Donec vitae nisi.', 'data:image/png;base64,iVBORw0KGgoAAAANSUhEUgAAABAAAAAQCAYAAAAf8/9hAAAABGdBTUEAAK/INwWK6QAAABl0RVh0U29mdHdhcmUAQWRvYmUgSW1hZ2VSZWFkeXHJZTwAAALZSURBVDjLpVM9TFNRFP7eT/9SUktLW6hQEqkUCMVABycUm+DmwGoEw+DQDSZWGdSQGJJqGBic2GXQgWjUmuBoTLSmKTWVHymlBQqlpfT3ec4lEJx9y', '0000-00-00', 42),
(43, 'alcatel OT-303', 0, 'Sed accumsan felis.', 'data:image/png;base64,iVBORw0KGgoAAAANSUhEUgAAABAAAAAQCAQAAAC1+jfqAAAABGdBTUEAAK/INwWK6QAAABl0RVh0U29mdHdhcmUAQWRvYmUgSW1hZ2VSZWFkeXHJZTwAAADHSURBVCjPdZFNbsIwFAa/5B5FuQPCOQ9HQuqCq3SHUAtrrgFCSKQk8Y80XTjYJqiajRfj55GftNBKJtGoRiXSytlAZORzM1ckExjouHEm0LPdqHkTR', '0000-00-00', 43),
(44, 'vivo Y53', 0, 'Maecenas tristique, est et tempus semper, est quam pharetra magna, ac consequat metus sapien ut nunc.', 'data:image/png;base64,iVBORw0KGgoAAAANSUhEUgAAABAAAAAQCAYAAAAf8/9hAAAABGdBTUEAAK/INwWK6QAAABl0RVh0U29mdHdhcmUAQWRvYmUgSW1hZ2VSZWFkeXHJZTwAAAKvSURBVDjLpVNNTxNRFD1vZtoZICkyhdYilFQ0QKSayoJEoyY10UTjgh0LUXcuJW5wSYwfG1caNCxY8RPQxOBHEDEkREJSS2qpIKHWllLol+10pp0Z3', '0000-00-00', 44),
(45, 'Celkon Campus Colt A401', 0, 'Proin eu mi. Nulla ac enim. In tempor, turpis nec euismod scelerisque, quam turpis adipiscing lorem, vitae mattis nibh ligula nec sem. Duis aliquam convallis nunc. Proin at turpis a pede posuere nonummy. Integer non velit. Donec diam neque, vestibulum eget, vulputate ut, ultrices vel, augue.', 'data:image/png;base64,iVBORw0KGgoAAAANSUhEUgAAABAAAAAQCAYAAAAf8/9hAAAABGdBTUEAAK/INwWK6QAAABl0RVh0U29mdHdhcmUAQWRvYmUgSW1hZ2VSZWFkeXHJZTwAAAJvSURBVDjLhZNNSFRRFIC/N++9eWMzhkl/ZJqFMQMRFvTvImkXSdKiVRAURBRRW1eZA9EqaNOiFlZEtQxKyrJwUS0K+qEQzaTE/AtLHR3HmffuvafFN', '0000-00-00', 45),
(46, 'Huawei G7010', 0, 'In sagittis dui vel nisl. Duis ac nibh. Fusce lacus purus, aliquet at, feugiat non, pretium quis, lectus.', 'data:image/png;base64,iVBORw0KGgoAAAANSUhEUgAAABAAAAAQCAQAAAC1+jfqAAAABGdBTUEAAK/INwWK6QAAABl0RVh0U29mdHdhcmUAQWRvYmUgSW1hZ2VSZWFkeXHJZTwAAAEZSURBVCjPY/jPgB9iEVoqPefllFPdNk2GWBUsVpz9ctL1rkcNW/v+59VhKFgkPfP+xI0dF+uC/jPkWCR/Q1MwX2TGvf7Nretr/UG8BO2I5ygK5olP/', '0000-00-00', 46),
(47, 'Samsung Impact sf', 0, 'Morbi quis tortor id nulla ultrices aliquet. Maecenas leo odio, condimentum id, luctus nec, molestie sed, justo. Pellentesque viverra pede ac diam. Cras pellentesque volutpat dui. Maecenas tristique, est et tempus semper, est quam pharetra magna, ac consequat metus sapien ut nunc. Vestibulum ante ipsum primis in faucibus orci luctus et ultrices posuere cubilia Curae; Mauris viverra diam vitae quam.', 'data:image/png;base64,iVBORw0KGgoAAAANSUhEUgAAABAAAAAQCAYAAAAf8/9hAAAABGdBTUEAAK/INwWK6QAAABl0RVh0U29mdHdhcmUAQWRvYmUgSW1hZ2VSZWFkeXHJZTwAAAIjSURBVDjLY/j//z8DJZiBqgb4dN1jDpnycL5Xx111z7a7/JVrnn8Aibs13DKrXv38t0/b3XkEXeDVdjetZOWzJx7Nd4y82+5McKm9pVm56tnPgK67a', '0000-00-00', 47),
(48, 'Lenovo IdeaTab A1000', 0, 'Nulla ac enim. In tempor, turpis nec euismod scelerisque, quam turpis adipiscing lorem, vitae mattis nibh ligula nec sem. Duis aliquam convallis nunc. Proin at turpis a pede posuere nonummy. Integer non velit. Donec diam neque, vestibulum eget, vulputate ut, ultrices vel, augue. Vestibulum ante ipsum primis in faucibus orci luctus et ultrices posuere cubilia Curae; Donec pharetra, magna vestibulum aliquet ultrices, erat tortor sollicitudin mi, sit amet lobortis sapien sapien non mi. Integer ac neque. Duis bibendum.', 'data:image/png;base64,iVBORw0KGgoAAAANSUhEUgAAABAAAAAQCAYAAAAf8/9hAAAABGdBTUEAAK/INwWK6QAAABl0RVh0U29mdHdhcmUAQWRvYmUgSW1hZ2VSZWFkeXHJZTwAAALZSURBVDjLfZJrSJNRHMb90Jfoe+GnPkVBF5GKJIKS0gqFbnTX0swaSkqWTdJIBXXqygtMFPRDC29lmuYlp6mgeTfzthTHnHObuoub0/fitvd9Ou+Kp', '0000-00-00', 48),
(49, 'Xiaomi Redmi Pro', 0, 'Nulla mollis molestie lorem. Quisque ut erat. Curabitur gravida nisi at nibh. In hac habitasse platea dictumst. Aliquam augue quam, sollicitudin vitae, consectetuer eget, rutrum at, lorem. Integer tincidunt ante vel ipsum. Praesent blandit lacinia erat. Vestibulum sed magna at nunc commodo placerat. Praesent blandit.', 'data:image/png;base64,iVBORw0KGgoAAAANSUhEUgAAABAAAAAQCAYAAAAf8/9hAAAABGdBTUEAAK/INwWK6QAAABl0RVh0U29mdHdhcmUAQWRvYmUgSW1hZ2VSZWFkeXHJZTwAAALKSURBVDjLbVJNSFRRFP7em+f8ZTKJOswkNTZOmpFKBaWEFDVBFC7KRdCqgiKccBFJKxe6CWwXtWhRtNCihQURRAUliEJYTeoMzOQk05D9jGTjOH/v7', '0000-00-00', 49),
(50, 'Xiaomi Mi Watch Color Sports', 0, 'Nullam porttitor lacus at turpis. Donec posuere metus vitae ipsum. Aliquam non mauris. Morbi non lectus. Aliquam sit amet diam in magna bibendum imperdiet. Nullam orci pede, venenatis non, sodales sed, tincidunt eu, felis. Fusce posuere felis sed lacus. Morbi sem mauris, laoreet ut, rhoncus aliquet, pulvinar sed, nisl. Nunc rhoncus dui vel sem. Sed sagittis.', 'data:image/png;base64,iVBORw0KGgoAAAANSUhEUgAAABAAAAAQCAYAAAAf8/9hAAAABGdBTUEAAK/INwWK6QAAABl0RVh0U29mdHdhcmUAQWRvYmUgSW1hZ2VSZWFkeXHJZTwAAAKOSURBVDjLpVPbThNRFOUD/IJ+B6gvJr740mg0JsQUX0yMiUl9MJJIwGBsMOgDQSEz0mANhEIKoqhBBTEpahm5SWxLKTO9WBAKBTqtw9DpDbqcfUprv', '0000-00-00', 50),
(51, 'Celkon ARR35', 0, 'Nulla facilisi. Cras non velit nec nisi vulputate nonummy. Maecenas tincidunt lacus at velit. Vivamus vel nulla eget eros elementum pellentesque. Quisque porta volutpat erat. Quisque erat eros, viverra eget, congue eget, semper rutrum, nulla. Nunc purus. Phasellus in felis.', 'data:image/png;base64,iVBORw0KGgoAAAANSUhEUgAAABAAAAAQCAQAAAC1+jfqAAAABGdBTUEAAK/INwWK6QAAABl0RVh0U29mdHdhcmUAQWRvYmUgSW1hZ2VSZWFkeXHJZTwAAAChSURBVCjPY/zPgB8wMVCqgAVEFP7/w/CH4TcY/gLh59ul9oLtdmZk+I8D7vn/4f+e//8hJqT/h+kGwqu/GA7oQIz/D7NiJiM22/8j3BD9/xdMPwQ+v', '0000-00-00', 51),
(52, 'Motorola A668', 0, 'In quis justo. Maecenas rhoncus aliquam lacus. Morbi quis tortor id nulla ultrices aliquet. Maecenas leo odio, condimentum id, luctus nec, molestie sed, justo. Pellentesque viverra pede ac diam.', 'data:image/png;base64,iVBORw0KGgoAAAANSUhEUgAAABAAAAAQCAYAAAAf8/9hAAAABGdBTUEAAK/INwWK6QAAABl0RVh0U29mdHdhcmUAQWRvYmUgSW1hZ2VSZWFkeXHJZTwAAAJXSURBVDjLlZDhS1NhFIeF/oJBEK5ISiIJsaxkTAQTR8wSacY0xdlmbZqkTZ3cmmKprU3naltOd2u5UtFSAiuSaAUVGEKDvphtXuVu79xttfB7Ef16F', '0000-00-00', 52),
(53, 'Motorola U9', 0, 'Vivamus vel nulla eget eros elementum pellentesque. Quisque porta volutpat erat. Quisque erat eros, viverra eget, congue eget, semper rutrum, nulla. Nunc purus. Phasellus in felis. Donec semper sapien a libero. Nam dui. Proin leo odio, porttitor id, consequat in, consequat ut, nulla. Sed accumsan felis. Ut at dolor quis odio consequat varius.', 'data:image/png;base64,iVBORw0KGgoAAAANSUhEUgAAABAAAAAQCAYAAAAf8/9hAAAABGdBTUEAAK/INwWK6QAAABl0RVh0U29mdHdhcmUAQWRvYmUgSW1hZ2VSZWFkeXHJZTwAAAKbSURBVDjLpZNLbIxRGIaf/9Lfpa1rZ0hNtYpEVRBiNkUiEZFoKjSxQmLBglizIQiJILEgWHQlgkpLGg1BU6E3imorLkElLmOmM1XV6mXm/8/5LH5GI', '0000-00-00', 53),
(54, 'Ericsson T36', 0, 'Integer pede justo, lacinia eget, tincidunt eget, tempus vel, pede. Morbi porttitor lorem id ligula. Suspendisse ornare consequat lectus. In est risus, auctor sed, tristique in, tempus sit amet, sem. Fusce consequat. Nulla nisl. Nunc nisl. Duis bibendum, felis sed interdum venenatis, turpis enim blandit mi, in porttitor pede justo eu massa. Donec dapibus.', 'data:image/png;base64,iVBORw0KGgoAAAANSUhEUgAAABAAAAAQCAQAAAC1+jfqAAAABGdBTUEAAK/INwWK6QAAABl0RVh0U29mdHdhcmUAQWRvYmUgSW1hZ2VSZWFkeXHJZTwAAAFWSURBVBgZBcE/SFQBAAfg792dppJeEhjZn80MChpqdQ2iscmlscGi1nBPaGkviKKhONSpvSGHcCrBiDDjEhOC0I68sjvf+/V9RQCsLHRu7k0yvtN8M', '0000-00-00', 54),
(116, 'Maxwest Orbit 6200', 0, 'Proin risus. Praesent lectus. Vestibulum quam sapien, varius ut, blandit non, interdum in, ante. Vestibulum ante ipsum primis in faucibus orci luctus et ultrices posuere cubilia Curae; Duis faucibus accumsan odio. Curabitur convallis. Duis consequat dui nec nisi volutpat eleifend. Donec ut dolor. Morbi vel lectus in quam fringilla rhoncus.', 'data:image/png;base64,iVBORw0KGgoAAAANSUhEUgAAABAAAAAQCAYAAAAf8/9hAAAABGdBTUEAAK/INwWK6QAAABl0RVh0U29mdHdhcmUAQWRvYmUgSW1hZ2VSZWFkeXHJZTwAAAHMSURBVDjLxVNNSxtRFD0jEYqgBCMU00bEWFsqSNoi1EU2WiiluHEluuumfyH0B3RbuvQHCIpbaaFSxZULQYMUAklJCQZDjUTyMfl48z5675t0AgqCu', '0000-00-00', 24),
(119, 'Samsung X480', 0, 'Nullam orci pede, venenatis non, sodales sed, tincidunt eu, felis.', 'data:image/png;base64,iVBORw0KGgoAAAANSUhEUgAAABAAAAAQCAQAAAC1+jfqAAAABGdBTUEAAK/INwWK6QAAABl0RVh0U29mdHdhcmUAQWRvYmUgSW1hZ2VSZWFkeXHJZTwAAACmSURBVCjPvdCxDYQwDAVQSxQ0NFRUl4ouHVV0TapIiIYCKRnEE2QCNrgJ/iIs4jW4KOR0qSiRK+s/2U7opPuiR4CPHh5bOGkJDhYmnqTnca8meNlwt', '0000-00-00', 16),
(148, 'Motorola V557', 0, 'In congue. Etiam justo. Etiam pretium iaculis justo.', 'data:image/png;base64,iVBORw0KGgoAAAANSUhEUgAAABAAAAAQCAYAAAAf8/9hAAAABGdBTUEAAK/INwWK6QAAABl0RVh0U29mdHdhcmUAQWRvYmUgSW1hZ2VSZWFkeXHJZTwAAAJlSURBVDjLpZNNSJRhEMd/z7u6666b6VaQFoohgYpYFHoKo2+SDnbo4smOHQUvfVy6CoHHTkUQHYLCgyAEK32AUUSHCqKMxYIs3ErXV3ff93memQ7FJ', '0000-00-00', 50),
(159, 'Micromax Bolt Selfie Q424', 0, 'Morbi vel lectus in quam fringilla rhoncus. Mauris enim leo, rhoncus sed, vestibulum sit amet, cursus id, turpis. Integer aliquet, massa id lobortis convallis, tortor risus dapibus augue, vel accumsan tellus nisi eu orci. Mauris lacinia sapien quis libero. Nullam sit amet turpis elementum ligula vehicula consequat. Morbi a ipsum. Integer a nibh. In quis justo. Maecenas rhoncus aliquam lacus. Morbi quis tortor id nulla ultrices aliquet.', 'data:image/png;base64,iVBORw0KGgoAAAANSUhEUgAAABAAAAAQCAYAAAAf8/9hAAAABGdBTUEAAK/INwWK6QAAABl0RVh0U29mdHdhcmUAQWRvYmUgSW1hZ2VSZWFkeXHJZTwAAAJvSURBVDjLhZNNSFRRFIC/N++9eWMzhkl/ZJqFMQMRFvTvImkXSdKiVRAURBRRW1eZA9EqaNOiFlZEtQxKyrJwUS0K+qEQzaTE/AtLHR3HmffuvafFN', '0000-00-00', 5),
(201, 'Acer Liquid Z5', 0, 'Mauris enim leo, rhoncus sed, vestibulum sit amet, cursus id, turpis. Integer aliquet, massa id lobortis convallis, tortor risus dapibus augue, vel accumsan tellus nisi eu orci. Mauris lacinia sapien quis libero. Nullam sit amet turpis elementum ligula vehicula consequat. Morbi a ipsum. Integer a nibh. In quis justo. Maecenas rhoncus aliquam lacus.', 'data:image/png;base64,iVBORw0KGgoAAAANSUhEUgAAABAAAAAQCAYAAAAf8/9hAAAABGdBTUEAAK/INwWK6QAAABl0RVh0U29mdHdhcmUAQWRvYmUgSW1hZ2VSZWFkeXHJZTwAAAJdSURBVDjLpZP7S1NhGMf9W7YfogSJboSEUVCY8zJ31trcps6zTI9bLGJpjp1hmkGNxVz4Q6ildtXKXzJNbJRaRmrXoeWx8tJOTWptnrNryre5YCYuI', '0000-00-00', 49),
(231, 'Motorola Moto G7', 0, 'Cum sociis natoque penatibus et magnis dis parturient montes, nascetur ridiculus mus. Vivamus vestibulum sagittis sapien. Cum sociis natoque penatibus et magnis dis parturient montes, nascetur ridiculus mus. Etiam vel augue. Vestibulum rutrum rutrum neque. Aenean auctor gravida sem. Praesent id massa id nisl venenatis lacinia. Aenean sit amet justo.', 'data:image/png;base64,iVBORw0KGgoAAAANSUhEUgAAABAAAAAQCAYAAAAf8/9hAAAABGdBTUEAAK/INwWK6QAAABl0RVh0U29mdHdhcmUAQWRvYmUgSW1hZ2VSZWFkeXHJZTwAAAGvSURBVDjLxZPbSgJRGIV9BB+h+yikuomIJigo6UBnKtJOUFSkSBIhMUZmBywUNDtQG6KMCrITXVnzCANSYUNNOoMzzEjuR/jbXWjQjN0UdLFuNnt9e', '0000-00-00', 54),
(247, 'ZTE Grand X2 In', 0, 'Vestibulum ante ipsum primis in faucibus orci luctus et ultrices posuere cubilia Curae; Mauris viverra diam vitae quam. Suspendisse potenti. Nullam porttitor lacus at turpis. Donec posuere metus vitae ipsum. Aliquam non mauris. Morbi non lectus. Aliquam sit amet diam in magna bibendum imperdiet. Nullam orci pede, venenatis non, sodales sed, tincidunt eu, felis. Fusce posuere felis sed lacus.', 'data:image/png;base64,iVBORw0KGgoAAAANSUhEUgAAABAAAAAQCAYAAAAf8/9hAAAABGdBTUEAAK/INwWK6QAAABl0RVh0U29mdHdhcmUAQWRvYmUgSW1hZ2VSZWFkeXHJZTwAAAKoSURBVDjLdVNdSJNRGD4RRJfdJP2ReBH9eGMQGWVXwoggoosIKooMf0jQG2/EJFOstB+VcpvObX6ub7TNWTIW4Wxtc3PR3GTKVAyd4mA6xT6VgbWtp', '0000-00-00', 30),
(249, 'Lenovo Tab 4 8 Plus', 0, 'Morbi non quam nec dui luctus rutrum. Nulla tellus. In sagittis dui vel nisl. Duis ac nibh. Fusce lacus purus, aliquet at, feugiat non, pretium quis, lectus.', 'data:image/png;base64,iVBORw0KGgoAAAANSUhEUgAAABAAAAAQCAYAAAAf8/9hAAAABGdBTUEAAK/INwWK6QAAABl0RVh0U29mdHdhcmUAQWRvYmUgSW1hZ2VSZWFkeXHJZTwAAAJRSURBVBgZBcExiJZlHADw3/O+732enKYdQVeklWBeoSBFtmgNNrRcQ9DSFBQZDU4OEYSNbQUtCg5FEAUpDdXSUliBQRBEBBXeVuFZnvKd1/e9z/P/9', '0000-00-00', 33),
(265, 'Sony Xperia ion LTE', 0, 'Duis at velit eu est congue elementum. In hac habitasse platea dictumst. Morbi vestibulum, velit id pretium iaculis, diam erat fermentum justo, nec condimentum neque sapien placerat ante. Nulla justo. Aliquam quis turpis eget elit sodales scelerisque. Mauris sit amet eros. Suspendisse accumsan tortor quis turpis. Sed ante. Vivamus tortor. Duis mattis egestas metus.', 'data:image/png;base64,iVBORw0KGgoAAAANSUhEUgAAABAAAAAQCAYAAAAf8/9hAAAABGdBTUEAAK/INwWK6QAAABl0RVh0U29mdHdhcmUAQWRvYmUgSW1hZ2VSZWFkeXHJZTwAAAJtSURBVDjLpZPNS5RRFMZ/7zgzWmqTFpObMiuyKDOFCoJaCUKKUFAUBRKtWrSpoP8gwk1BixbpppURtIigqAjKkgSp0KJP86NGbaYZpxmd9773ve89L', '0000-00-00', 37),
(285, 'Samsung i710', 0, 'Duis bibendum. Morbi non quam nec dui luctus rutrum. Nulla tellus. In sagittis dui vel nisl. Duis ac nibh. Fusce lacus purus, aliquet at, feugiat non, pretium quis, lectus. Suspendisse potenti. In eleifend quam a odio. In hac habitasse platea dictumst.', 'data:image/png;base64,iVBORw0KGgoAAAANSUhEUgAAABAAAAAQCAYAAAAf8/9hAAAABGdBTUEAAK/INwWK6QAAABl0RVh0U29mdHdhcmUAQWRvYmUgSW1hZ2VSZWFkeXHJZTwAAAEsSURBVDjLY/j//z8DJZhhmBuQvdj8a+p8w//xc3U5yTIgeb7h18bNUf/DZ2j8958qz0nQgPyltv9zF5v/TV9o/Ddxrv7fmvWh/1ednvi/ZLX/f9d+8', '0000-00-00', 1),
(306, 'Samsung Continuum I400', 0, 'Duis ac nibh. Fusce lacus purus, aliquet at, feugiat non, pretium quis, lectus. Suspendisse potenti. In eleifend quam a odio. In hac habitasse platea dictumst. Maecenas ut massa quis augue luctus tincidunt.', 'data:image/png;base64,iVBORw0KGgoAAAANSUhEUgAAABAAAAAQCAYAAAAf8/9hAAAABGdBTUEAAK/INwWK6QAAABl0RVh0U29mdHdhcmUAQWRvYmUgSW1hZ2VSZWFkeXHJZTwAAAGZSURBVBgZpcHPi41hHMbhz/P2oJijzEKSQn4uFRsNK8lKKWZtFvMPKFulrKxZKGzs2MhismI3S5Qpg0YNZUFiaso5Z973e9+eJ45mYWo015VssxGZY', '0000-00-00', 38),
(310, 'Bosch Com 908', 0, 'Quisque id justo sit amet sapien dignissim vestibulum. Vestibulum ante ipsum primis in faucibus orci luctus et ultrices posuere cubilia Curae; Nulla dapibus dolor vel est. Donec odio justo, sollicitudin ut, suscipit a, feugiat et, eros. Vestibulum ac est lacinia nisi venenatis tristique. Fusce congue, diam id ornare imperdiet, sapien urna pretium nisl, ut volutpat sapien arcu sed augue. Aliquam erat volutpat. In congue. Etiam justo.', 'data:image/png;base64,iVBORw0KGgoAAAANSUhEUgAAABAAAAAQCAYAAAAf8/9hAAAABGdBTUEAAK/INwWK6QAAABl0RVh0U29mdHdhcmUAQWRvYmUgSW1hZ2VSZWFkeXHJZTwAAAEGSURBVDjLpZM/LwRRFMXPspmEaGc1shHRaiXsJ5GIRixbCr6SikxIlqgJM5UohIiGdofovHf/PZVmYwZvTntPfjnn3txWCAFNNFE33L/ZKXYv+1dRg', '0000-00-00', 55),
(320, 'Samsung A800', 0, 'Vivamus tortor. Duis mattis egestas metus. Aenean fermentum.', 'data:image/png;base64,iVBORw0KGgoAAAANSUhEUgAAABAAAAAQCAYAAAAf8/9hAAAABGdBTUEAAK/INwWK6QAAABl0RVh0U29mdHdhcmUAQWRvYmUgSW1hZ2VSZWFkeXHJZTwAAAJ2SURBVBgZBcFLiJVlGADg5/3+b87cbLyFNBJ4oexGQYqIi6hFQambgohoE0aLUqGCaBcuonWLUFe1CIJolWCLaiK1C0FUREpRBgmWNpqi4XjOnP97e', '0000-00-00', 56),
(330, 'BLU Touchbook M7', 0, 'Pellentesque viverra pede ac diam. Cras pellentesque volutpat dui. Maecenas tristique, est et tempus semper, est quam pharetra magna, ac consequat metus sapien ut nunc. Vestibulum ante ipsum primis in faucibus orci luctus et ultrices posuere cubilia Curae; Mauris viverra diam vitae quam. Suspendisse potenti. Nullam porttitor lacus at turpis. Donec posuere metus vitae ipsum. Aliquam non mauris. Morbi non lectus. Aliquam sit amet diam in magna bibendum imperdiet.', 'data:image/png;base64,iVBORw0KGgoAAAANSUhEUgAAABAAAAAQCAYAAAAf8/9hAAAABGdBTUEAAK/INwWK6QAAABl0RVh0U29mdHdhcmUAQWRvYmUgSW1hZ2VSZWFkeXHJZTwAAALNSURBVDjLbZJtSFNxFIdvzKSBIfWlKCqMygiMoj5UhItR9CKaHxSNIqhMtIhsZSsrtbISZTE0nbP0w2Yh03xhmK2WKd3EmGV+KIJKiCTIoBesmXXd0', '0000-00-00', 23),
(416, 'Sagem MW 3020', 0, 'Maecenas ut massa quis augue luctus tincidunt. Nulla mollis molestie lorem. Quisque ut erat. Curabitur gravida nisi at nibh. In hac habitasse platea dictumst.', 'data:image/png;base64,iVBORw0KGgoAAAANSUhEUgAAABAAAAAQCAYAAAAf8/9hAAAABGdBTUEAAK/INwWK6QAAABl0RVh0U29mdHdhcmUAQWRvYmUgSW1hZ2VSZWFkeXHJZTwAAAMFSURBVDjLXZNbaFxVFIa/c84kPZM4M0lNE2svw1g1KG1NEKt9kAYLZbRKlBrQvhYbURG0L1V8MQYUES/QIhrQJwXvtAbxJQVHYiC9DYWCTpVOgkwzz', '0000-00-00', 7),
(428, 'Panasonic Eluga Pulse X', 0, 'Etiam faucibus cursus urna. Ut tellus. Nulla ut erat id mauris vulputate elementum. Nullam varius. Nulla facilisi. Cras non velit nec nisi vulputate nonummy. Maecenas tincidunt lacus at velit. Vivamus vel nulla eget eros elementum pellentesque.', 'data:image/png;base64,iVBORw0KGgoAAAANSUhEUgAAABAAAAAQCAYAAAAf8/9hAAAABGdBTUEAAK/INwWK6QAAABl0RVh0U29mdHdhcmUAQWRvYmUgSW1hZ2VSZWFkeXHJZTwAAAJVSURBVDjLlZPbS5NhHMd3tbvyov6HIJRuhKAFgRci5GXYVQkG0c6HJGvD1FVMjdxC22wlQ9iG7uBh0rtDmxtb77vFoh2c7KgMtiGbU9xdgezb3hf0I', '0000-00-00', 8),
(433, 'Philips W732', 0, 'Suspendisse potenti. In eleifend quam a odio. In hac habitasse platea dictumst. Maecenas ut massa quis augue luctus tincidunt. Nulla mollis molestie lorem. Quisque ut erat. Curabitur gravida nisi at nibh. In hac habitasse platea dictumst.', 'data:image/png;base64,iVBORw0KGgoAAAANSUhEUgAAABAAAAAQCAYAAAAf8/9hAAAABGdBTUEAAK/INwWK6QAAABl0RVh0U29mdHdhcmUAQWRvYmUgSW1hZ2VSZWFkeXHJZTwAAAHgSURBVDjLjZLNbtNAFIXrJ8mL+QVQoVUWICFEFZCAbrJCAdpFWCC1i1QgVLEoZYFAgrY0rhPHTmwnThP/BKetU9vxT7I5zHWEhEBuWBxpFnO+c+6dW', '0000-00-00', 6),
(470, 'Celkon C220', 0, 'Vivamus metus arcu, adipiscing molestie, hendrerit at, vulputate vitae, nisl. Aenean lectus. Pellentesque eget nunc.', 'data:image/png;base64,iVBORw0KGgoAAAANSUhEUgAAABAAAAAQCAYAAAAf8/9hAAAABGdBTUEAAK/INwWK6QAAABl0RVh0U29mdHdhcmUAQWRvYmUgSW1hZ2VSZWFkeXHJZTwAAAJfSURBVDjLpZNNbxJRFIb7A/wF/A5YunTDrpouujNxY8LGxEVTVyU11UVjCmEsUUyb1gYqEWuqtqmRWukUimksH6UMHwIW6FCYwWFgYBjKcc6FGam68', '0000-00-00', 48),
(476, 'Icemobile G7 Pro', 0, 'In congue. Etiam justo. Etiam pretium iaculis justo. In hac habitasse platea dictumst. Etiam faucibus cursus urna. Ut tellus. Nulla ut erat id mauris vulputate elementum. Nullam varius. Nulla facilisi. Cras non velit nec nisi vulputate nonummy.', 'data:image/png;base64,iVBORw0KGgoAAAANSUhEUgAAABAAAAAQCAYAAAAf8/9hAAAABGdBTUEAAK/INwWK6QAAABl0RVh0U29mdHdhcmUAQWRvYmUgSW1hZ2VSZWFkeXHJZTwAAADqSURBVDjLY/j//z8DJZiBKgbkzH9cMHXX6wcgmiwDQJq3nv/4H0SD+OXl5dlA/L+kpOR/QUHB/+zs7P+pqan/ExIS/kdGRv4PDg7+T10XDHwgpsx8V', '0000-00-00', 18),
(493, 'Micromax Canvas Spark 4G Q4201', 0, 'Vestibulum quam sapien, varius ut, blandit non, interdum in, ante. Vestibulum ante ipsum primis in faucibus orci luctus et ultrices posuere cubilia Curae; Duis faucibus accumsan odio. Curabitur convallis. Duis consequat dui nec nisi volutpat eleifend. Donec ut dolor. Morbi vel lectus in quam fringilla rhoncus. Mauris enim leo, rhoncus sed, vestibulum sit amet, cursus id, turpis. Integer aliquet, massa id lobortis convallis, tortor risus dapibus augue, vel accumsan tellus nisi eu orci. Mauris lacinia sapien quis libero.', 'data:image/png;base64,iVBORw0KGgoAAAANSUhEUgAAABAAAAAQCAYAAAAf8/9hAAAABGdBTUEAAK/INwWK6QAAABl0RVh0U29mdHdhcmUAQWRvYmUgSW1hZ2VSZWFkeXHJZTwAAAIESURBVDjLvVO/a9tAFD5ZdWwZg11w2iR1idMhxhm8ZOlS3K1rlwwZRD2EQCd7KIUOpmvoj7E4BBxElw72kMFLh5osBkEp3fwXlMY4TlRJtk4/7kffq', '0000-00-00', 42),
(506, 'alcatel OT-665', 0, 'Nulla justo. Aliquam quis turpis eget elit sodales scelerisque. Mauris sit amet eros. Suspendisse accumsan tortor quis turpis. Sed ante. Vivamus tortor. Duis mattis egestas metus.', 'data:image/png;base64,iVBORw0KGgoAAAANSUhEUgAAABAAAAAQCAYAAAAf8/9hAAAABGdBTUEAAK/INwWK6QAAABl0RVh0U29mdHdhcmUAQWRvYmUgSW1hZ2VSZWFkeXHJZTwAAALKSURBVDjLjZJbTNIBGMWpth7soa2th24PStZD2bronPPByB6aa805iTFFYonGTC3Imk6YeEGnmXJVCg0UhFIMDf8Sm8IcNa9LEdF0y2kqvKU524rwB', '0000-00-00', 34),
(537, 'Nokia 3100', 0, 'Nunc nisl. Duis bibendum, felis sed interdum venenatis, turpis enim blandit mi, in porttitor pede justo eu massa. Donec dapibus. Duis at velit eu est congue elementum. In hac habitasse platea dictumst. Morbi vestibulum, velit id pretium iaculis, diam erat fermentum justo, nec condimentum neque sapien placerat ante. Nulla justo.', 'data:image/png;base64,iVBORw0KGgoAAAANSUhEUgAAABAAAAAQCAYAAAAf8/9hAAAABGdBTUEAAK/INwWK6QAAABl0RVh0U29mdHdhcmUAQWRvYmUgSW1hZ2VSZWFkeXHJZTwAAALcSURBVDjLbZNrSFNxGIcPCJNBIAQRISRGYQWF0g27OJgQVmQFmpViZHhLaiaGeCtTQ1OW09QtS83NiR2XF0bZZZjKXNYq8kMUBX7qU30JIsM68+ldU', '0000-00-00', 19),
(577, 'HTC Amaze 4G', 0, 'Pellentesque eget nunc. Donec quis orci eget orci vehicula condimentum. Curabitur in libero ut massa volutpat convallis.', 'data:image/png;base64,iVBORw0KGgoAAAANSUhEUgAAABAAAAAQCAYAAAAf8/9hAAAABGdBTUEAAK/INwWK6QAAABl0RVh0U29mdHdhcmUAQWRvYmUgSW1hZ2VSZWFkeXHJZTwAAAIxSURBVDjLpZNLiM5hFMZ/33+GPsMwI5SFcakxI9QIuZcyCyVKdpMdK9vJbcVOsrexEJGFUpRSiA3FjGsoU+65DZLxff/3dt5zLD5pyqQpp06nzuJ3n', '0000-00-00', 40),
(602, 'Panasonic GD35', 0, 'Aenean fermentum. Donec ut mauris eget massa tempor convallis.', 'data:image/png;base64,iVBORw0KGgoAAAANSUhEUgAAABAAAAAQCAYAAAAf8/9hAAAABGdBTUEAAK/INwWK6QAAABl0RVh0U29mdHdhcmUAQWRvYmUgSW1hZ2VSZWFkeXHJZTwAAALASURBVDjLhZJdSFNhGMcPSMJACLr1wptAkIIuC6zFKjJDb6QurNiFaCH2gWiFNh1rLodNJ/iBS5k5RdvcSSunpTYrc+QHSHFwbmzNbWd+bE7FWFgnn', '0000-00-00', 43),
(651, 'Asus ROG Phone 3 Strix', 0, 'Fusce consequat. Nulla nisl. Nunc nisl. Duis bibendum, felis sed interdum venenatis, turpis enim blandit mi, in porttitor pede justo eu massa. Donec dapibus. Duis at velit eu est congue elementum. In hac habitasse platea dictumst. Morbi vestibulum, velit id pretium iaculis, diam erat fermentum justo, nec condimentum neque sapien placerat ante. Nulla justo. Aliquam quis turpis eget elit sodales scelerisque.', 'data:image/png;base64,iVBORw0KGgoAAAANSUhEUgAAABAAAAAQCAYAAAAf8/9hAAAABGdBTUEAAK/INwWK6QAAABl0RVh0U29mdHdhcmUAQWRvYmUgSW1hZ2VSZWFkeXHJZTwAAAG7SURBVDjLjZMxi1NREIXPC9HCKGGN2MgWdio2utZxA0KKVPkBwqaR/IS0dqYx/0LIVpsuBMFKA5LdQotF1kJWcMvYmBfemzPH4r4X3+pDMjDM3MvMx', '0000-00-00', 9),
(679, 'Nokia 9110i Communicator', 0, 'Integer a nibh.', 'data:image/png;base64,iVBORw0KGgoAAAANSUhEUgAAABAAAAAQCAYAAAAf8/9hAAAABGdBTUEAAK/INwWK6QAAABl0RVh0U29mdHdhcmUAQWRvYmUgSW1hZ2VSZWFkeXHJZTwAAAEdSURBVDjLjZIxTgNBDEXfbDZIlIgmCKWgSpMGxEk4AHehgavQcJY0KRKJJiBQLkCR7PxvmiTsbrJoLY1sy/Ibe+an9XodtqkfSUd+Op0mTlgpidFod', '0000-00-00', 46),
(708, 'alcatel OT Easy db', 0, 'Maecenas tristique, est et tempus semper, est quam pharetra magna, ac consequat metus sapien ut nunc. Vestibulum ante ipsum primis in faucibus orci luctus et ultrices posuere cubilia Curae; Mauris viverra diam vitae quam. Suspendisse potenti. Nullam porttitor lacus at turpis.', 'data:image/png;base64,iVBORw0KGgoAAAANSUhEUgAAABAAAAAQCAQAAAC1+jfqAAAABGdBTUEAAK/INwWK6QAAABl0RVh0U29mdHdhcmUAQWRvYmUgSW1hZ2VSZWFkeXHJZTwAAADNSURBVCjPhZBNCsIwFIQnWvAGunHhSrBbQT2Op3EvCJ7JCxTcuhB0YytaW9N0fElbbIs/GZI8eF+GzFPE79X504dXXEq1GyytFYYYoPvh6RkH5raYJ', '0000-00-00', 22),
(719, 'ZTE Blade', 0, 'Proin interdum mauris non ligula pellentesque ultrices. Phasellus id sapien in sapien iaculis congue. Vivamus metus arcu, adipiscing molestie, hendrerit at, vulputate vitae, nisl. Aenean lectus. Pellentesque eget nunc. Donec quis orci eget orci vehicula condimentum.', 'data:image/png;base64,iVBORw0KGgoAAAANSUhEUgAAABAAAAAQCAYAAAAf8/9hAAAABGdBTUEAAK/INwWK6QAAABl0RVh0U29mdHdhcmUAQWRvYmUgSW1hZ2VSZWFkeXHJZTwAAAIdSURBVDjLpdNfSFNxFAfwX+GbSGjhg+JDED2YBYVGSPiQJigYRRZGUBD0UuBDT2rkIjOV/LsH5/5oIlE9yHSbFsy5TV3zH3soZcQWtD+CmjPXcru62', '0000-00-00', 28),
(728, 'Huawei Y7p', 0, 'Aliquam erat volutpat. In congue. Etiam justo. Etiam pretium iaculis justo.', 'data:image/png;base64,iVBORw0KGgoAAAANSUhEUgAAABAAAAAQCAYAAAAf8/9hAAAABGdBTUEAAK/INwWK6QAAABl0RVh0U29mdHdhcmUAQWRvYmUgSW1hZ2VSZWFkeXHJZTwAAAGkSURBVDjLxZPPi81RGMY/59zvN1chC0lSViZJzJQk/4BYTWNBkyhZsrDCgprl7JQFpSxsbEZdG5qFJjvKRLFTU4MsrGjouvf9ZXHOnTKyugtvnc6Pz', '0000-00-00', 25),
(730, 'Maxon MX-C90', 0, 'Aliquam erat volutpat. In congue. Etiam justo. Etiam pretium iaculis justo. In hac habitasse platea dictumst. Etiam faucibus cursus urna. Ut tellus. Nulla ut erat id mauris vulputate elementum. Nullam varius.', 'data:image/png;base64,iVBORw0KGgoAAAANSUhEUgAAABAAAAAQCAYAAAAf8/9hAAAABGdBTUEAAK/INwWK6QAAABl0RVh0U29mdHdhcmUAQWRvYmUgSW1hZ2VSZWFkeXHJZTwAAALASURBVDjLjZNJTFNRGIW7ZOFON2xMiBtDHOJKgom6dYgsWKCJTRgUIkSCYYOiiURiq1ZKsEUmAYMUEgm0MrWFIHagiEALhYJCKW2lpZOU9nUejve9C', '0000-00-00', 39),
(746, 'Gionee S10', 0, 'Duis at velit eu est congue elementum. In hac habitasse platea dictumst. Morbi vestibulum, velit id pretium iaculis, diam erat fermentum justo, nec condimentum neque sapien placerat ante. Nulla justo. Aliquam quis turpis eget elit sodales scelerisque. Mauris sit amet eros. Suspendisse accumsan tortor quis turpis. Sed ante. Vivamus tortor. Duis mattis egestas metus.', 'data:image/png;base64,iVBORw0KGgoAAAANSUhEUgAAABAAAAAQCAYAAAAf8/9hAAAABGdBTUEAAK/INwWK6QAAABl0RVh0U29mdHdhcmUAQWRvYmUgSW1hZ2VSZWFkeXHJZTwAAAHYSURBVDjLxZPNS5RhFMV/7yhGhsL0oaSBfRDF5CIFKchVRCHVNugPiEDa9AcUBEEgQosWUVC0ixYuQtoUmAuLWlSbehmpFGGQQEhCafK5Xy3mdYIKW', '0000-00-00', 27),
(749, 'Mitac MIO Explora K75', 0, 'Quisque porta volutpat erat.', 'data:image/png;base64,iVBORw0KGgoAAAANSUhEUgAAABAAAAAQCAYAAAAf8/9hAAAABGdBTUEAAK/INwWK6QAAABl0RVh0U29mdHdhcmUAQWRvYmUgSW1hZ2VSZWFkeXHJZTwAAAGASURBVDjLxVO7agJRED3XN4gPkEWwET/AysoqoE3+wcIPCEvEVsgnhJXgF4j+QraJLFjkAyxEsFCwsBYU32bPyF7WkEDAIsMOcxnmzJx5rLpcLrhHA', '0000-00-00', 3),
(753, 'Sony Xperia Z3 Compact', 0, 'Integer pede justo, lacinia eget, tincidunt eget, tempus vel, pede.', 'data:image/png;base64,iVBORw0KGgoAAAANSUhEUgAAABAAAAAQCAYAAAAf8/9hAAAABGdBTUEAAK/INwWK6QAAABl0RVh0U29mdHdhcmUAQWRvYmUgSW1hZ2VSZWFkeXHJZTwAAAI5SURBVBgZpcE9SFVhAMfh33vue49X85ih1tUI0cXbF7QkCA5BQVAtbU3VUC3O0dbHWHNQUxE0NQYREUU0BoHUYB9qVJRdLe/V+6HnnPe8/4xu5NIQP', '0000-00-00', 44),
(777, 'Honor Holly 3', 0, 'Nulla tempus. Vivamus in felis eu sapien cursus vestibulum. Proin eu mi.', 'data:image/png;base64,iVBORw0KGgoAAAANSUhEUgAAABAAAAAQCAYAAAAf8/9hAAAABGdBTUEAAK/INwWK6QAAABl0RVh0U29mdHdhcmUAQWRvYmUgSW1hZ2VSZWFkeXHJZTwAAAJqSURBVDjLpZNLSJRRFMd/M9/okF86IONzClciCRNGZS/BFoIa9BBDrSSC0F2rIFxZUAaDrWrXoggEqVBxHRSmofighUk2jEXjPBxHRbQv1O8+Wozo2', '0000-00-00', 29),
(814, 'Allview P2 AllDro', 0, 'Etiam pretium iaculis justo. In hac habitasse platea dictumst.', 'data:image/png;base64,iVBORw0KGgoAAAANSUhEUgAAABAAAAAQCAYAAAAf8/9hAAAABGdBTUEAAK/INwWK6QAAABl0RVh0U29mdHdhcmUAQWRvYmUgSW1hZ2VSZWFkeXHJZTwAAAKNSURBVDjLlZJfSFNxFMf3FD1kT/VSTz2l1EtE14h6SbB6Ch9CqCgYbI3F2Kabf3A6F/vncOxuNre5Ob3MK7U5mgtDZQ9uOpdzhehAmbAUfetJGIRs+', '0000-00-00', 10),
(823, 'BLU Studio 5.3 S', 0, 'Vivamus vel nulla eget eros elementum pellentesque. Quisque porta volutpat erat. Quisque erat eros, viverra eget, congue eget, semper rutrum, nulla.', 'data:image/png;base64,iVBORw0KGgoAAAANSUhEUgAAABAAAAAQCAYAAAAf8/9hAAAABGdBTUEAAK/INwWK6QAAABl0RVh0U29mdHdhcmUAQWRvYmUgSW1hZ2VSZWFkeXHJZTwAAAHtSURBVDjLY/j//z8DJZiBKgY49drM9J3idhLEtu+xjvea4nLNqsVspnWr2S6QmF6+Zol2ltpq5QSlmcpxijMxDABp9pjkuMuu28rIpsMi3rLZFKzIu', '0000-00-00', 45),
(826, 'Samsung E330', 0, 'Vestibulum ante ipsum primis in faucibus orci luctus et ultrices posuere cubilia Curae; Nulla dapibus dolor vel est.', 'data:image/png;base64,iVBORw0KGgoAAAANSUhEUgAAABAAAAAQCAYAAAAf8/9hAAAABGdBTUEAAK/INwWK6QAAABl0RVh0U29mdHdhcmUAQWRvYmUgSW1hZ2VSZWFkeXHJZTwAAAKDSURBVDjLdVNLTxNRFP5mOrVT2tLWSgIhEVEsaSUNrSujJi5cGBLiwoTEv+HeDfEPsOmmO6Ou0IUGQ4huTAwPrSUlYDtQ1LRKQKBmOgy2zNzrudMHm', '0000-00-00', 2),
(865, 'Sony Ericsson Xperia ray', 0, 'Donec ut dolor. Morbi vel lectus in quam fringilla rhoncus. Mauris enim leo, rhoncus sed, vestibulum sit amet, cursus id, turpis.', 'data:image/png;base64,iVBORw0KGgoAAAANSUhEUgAAABAAAAAQCAYAAAAf8/9hAAAABGdBTUEAAK/INwWK6QAAABl0RVh0U29mdHdhcmUAQWRvYmUgSW1hZ2VSZWFkeXHJZTwAAAEvSURBVDjLY/j//z8DJZiBagZEtO8QAuKlQPwTiP/jwbuAWAWbARtXHrz1//efv//xgS0n74MMuQ3EbHADgBweIP7z99+//x++/fv/8tO//88+/vv/5', '0000-00-00', 51),
(870, 'NEC N600i', 0, 'In congue. Etiam justo. Etiam pretium iaculis justo. In hac habitasse platea dictumst. Etiam faucibus cursus urna. Ut tellus. Nulla ut erat id mauris vulputate elementum.', 'data:image/png;base64,iVBORw0KGgoAAAANSUhEUgAAABAAAAAQCAYAAAAf8/9hAAAABGdBTUEAAK/INwWK6QAAABl0RVh0U29mdHdhcmUAQWRvYmUgSW1hZ2VSZWFkeXHJZTwAAAJrSURBVDjLjZNdSFNxHIZPnfS+usiborU2JaKIPvAmig0kkYSCCpHKsTnDolLXnBFJBQV9YC2VtDRThKiYzA9coW6abWSTwRixYqPtIqHTWGM7+3Bfb', '0000-00-00', 35);
INSERT INTO `product` (`id_product`, `name`, `price`, `description`, `image`, `release_date`, `category_id`) VALUES
(890, 'Emporia Connect', 0, 'In quis justo.', 'data:image/png;base64,iVBORw0KGgoAAAANSUhEUgAAABAAAAAQCAYAAAAf8/9hAAAABGdBTUEAAK/INwWK6QAAABl0RVh0U29mdHdhcmUAQWRvYmUgSW1hZ2VSZWFkeXHJZTwAAAILSURBVDjLjZPNS5RRFIef+753ypJEs4UJftOmImosSGgREn0tBBdRLV2EGLooCIoWbSL8C2rdQmwXGBUzQmkx4LIPaJLSQiYtRkyz0Xln7j2nhShKO', '0000-00-00', 31),
(912, 'Asus V88i', 0, 'Suspendisse ornare consequat lectus. In est risus, auctor sed, tristique in, tempus sit amet, sem. Fusce consequat.', 'data:image/png;base64,iVBORw0KGgoAAAANSUhEUgAAABAAAAAQCAYAAAAf8/9hAAAABGdBTUEAAK/INwWK6QAAABl0RVh0U29mdHdhcmUAQWRvYmUgSW1hZ2VSZWFkeXHJZTwAAAJpSURBVDjLfVLPTxNREP52C+mvbSKE2FYkkIiJioo9KMT0QKImnAwHPXjk1IPoxUsPaoiaSDw0MTEe/Cs4mWhVLGCDlWgwFCMJiYeCSGstu9ttt/vLe', '0000-00-00', 36),
(916, 'Ulefone Armor X5', 0, 'Suspendisse accumsan tortor quis turpis. Sed ante.', 'data:image/png;base64,iVBORw0KGgoAAAANSUhEUgAAABAAAAAQCAYAAAAf8/9hAAAABGdBTUEAAK/INwWK6QAAABl0RVh0U29mdHdhcmUAQWRvYmUgSW1hZ2VSZWFkeXHJZTwAAAIHSURBVDjLfZKxa5NBGMZ/35dEamtFMkgGpaAVQcTRLp1LoYubi6MOgqiTZOrQxYKjOIh/gIuim5YqdChKl4KbQ0XESoPYaGq+fHff3fu+DklM2lRfe', '0000-00-00', 17),
(925, 'Vodafone Smart V8', 0, 'Duis bibendum, felis sed interdum venenatis, turpis enim blandit mi, in porttitor pede justo eu massa. Donec dapibus.', 'data:image/png;base64,iVBORw0KGgoAAAANSUhEUgAAABAAAAAQCAYAAAAf8/9hAAAABGdBTUEAAK/INwWK6QAAABl0RVh0U29mdHdhcmUAQWRvYmUgSW1hZ2VSZWFkeXHJZTwAAAK5SURBVDjLjZBbSNNxHMVXDz3UQ0892AVSs4Q0shQRA5uzCFGL5Rxqc1u5mZpNnWNN533eaDr976blZeFllc7mMLMl6IOGqdOpS4vAPaRbb6FiQjpPm', '0000-00-00', 53),
(927, 'Samsung J700', 0, 'In quis justo. Maecenas rhoncus aliquam lacus. Morbi quis tortor id nulla ultrices aliquet. Maecenas leo odio, condimentum id, luctus nec, molestie sed, justo. Pellentesque viverra pede ac diam. Cras pellentesque volutpat dui.', 'data:image/png;base64,iVBORw0KGgoAAAANSUhEUgAAABAAAAAQCAYAAAAf8/9hAAAABGdBTUEAAK/INwWK6QAAABl0RVh0U29mdHdhcmUAQWRvYmUgSW1hZ2VSZWFkeXHJZTwAAAJ4SURBVDjLpZNdaM1xGMc//5fDZqTZ2c6Y9mIkmZelll2hlCVF3FDKlZRyQWJXmsKNCzeLcqdE5D0mL/M2s6HlJSlhs2Rv51iYOZ3z+/2ex8X/zHZJf', '0000-00-00', 13),
(931, 'Micromax X099', 0, 'Sed ante. Vivamus tortor. Duis mattis egestas metus. Aenean fermentum. Donec ut mauris eget massa tempor convallis. Nulla neque libero, convallis eget, eleifend luctus, ultricies eu, nibh. Quisque id justo sit amet sapien dignissim vestibulum.', 'data:image/png;base64,iVBORw0KGgoAAAANSUhEUgAAABAAAAAQCAYAAAAf8/9hAAAABGdBTUEAAK/INwWK6QAAABl0RVh0U29mdHdhcmUAQWRvYmUgSW1hZ2VSZWFkeXHJZTwAAALJSURBVDjLpZBrTJJhFMdfxUzazHQzp5aK84IgysULmNc5SXMFloVp09CJqDOXt+XMiViKlnkpxVZG5ijLlZZmZpeZpjVdfelrwqsfa3nJlAB5T680k', '0000-00-00', 11),
(932, 'Samsung Z107', 0, 'In eleifend quam a odio. In hac habitasse platea dictumst. Maecenas ut massa quis augue luctus tincidunt. Nulla mollis molestie lorem. Quisque ut erat. Curabitur gravida nisi at nibh. In hac habitasse platea dictumst.', 'data:image/png;base64,iVBORw0KGgoAAAANSUhEUgAAABAAAAAQCAYAAAAf8/9hAAAABGdBTUEAAK/INwWK6QAAABl0RVh0U29mdHdhcmUAQWRvYmUgSW1hZ2VSZWFkeXHJZTwAAAK4SURBVDjLjZPrT1JhHMfPq/NH+K6ty2bhJcswzUa2hTMaEmCsZmWuUU0HQuAVEWHMgCnLy2yOhiOKIs0L08ByXgab1TTRNlO7ULwylTOZ9iL9djiVr', '0000-00-00', 41),
(945, 'Huawei U9150', 0, 'Vestibulum rutrum rutrum neque. Aenean auctor gravida sem. Praesent id massa id nisl venenatis lacinia. Aenean sit amet justo. Morbi ut odio. Cras mi pede, malesuada in, imperdiet et, commodo vulputate, justo.', 'data:image/png;base64,iVBORw0KGgoAAAANSUhEUgAAABAAAAAQCAYAAAAf8/9hAAAABGdBTUEAAK/INwWK6QAAABl0RVh0U29mdHdhcmUAQWRvYmUgSW1hZ2VSZWFkeXHJZTwAAAEXSURBVDjLY/j//z8DJZiBLgZkz37Ynjrz4ReyDEideb89afrDf5ET7v4n2YCEqXf7qpY9/T9r76v/Xu03STMgasLteaVLHv+fufvl/6k7X/y3qrlCv', '0000-00-00', 4),
(969, 'Toshiba G500', 0, 'In tempor, turpis nec euismod scelerisque, quam turpis adipiscing lorem, vitae mattis nibh ligula nec sem. Duis aliquam convallis nunc. Proin at turpis a pede posuere nonummy. Integer non velit. Donec diam neque, vestibulum eget, vulputate ut, ultrices vel, augue. Vestibulum ante ipsum primis in faucibus orci luctus et ultrices posuere cubilia Curae; Donec pharetra, magna vestibulum aliquet ultrices, erat tortor sollicitudin mi, sit amet lobortis sapien sapien non mi. Integer ac neque. Duis bibendum. Morbi non quam nec dui luctus rutrum. Nulla tellus.', 'data:image/png;base64,iVBORw0KGgoAAAANSUhEUgAAABAAAAAQCAQAAAC1+jfqAAAABGdBTUEAAK/INwWK6QAAABl0RVh0U29mdHdhcmUAQWRvYmUgSW1hZ2VSZWFkeXHJZTwAAAB/SURBVCjPpVFBDkBADJyKJ3mEk1d4goPPeYDgN2QtidFdFidZ0UnbZDszbbJCvEeCv4TUlVr3EKvCKmYYhau9AMIYh4oLFq8N6lYCIc6h5PzYbLyTV', '0000-00-00', 14),
(1007, 'Samsung Galaxy A72', 0, 'Duis consequat dui nec nisi volutpat eleifend.', 'data:image/png;base64,iVBORw0KGgoAAAANSUhEUgAAABAAAAAQCAYAAAAf8/9hAAAABGdBTUEAAK/INwWK6QAAABl0RVh0U29mdHdhcmUAQWRvYmUgSW1hZ2VSZWFkeXHJZTwAAANTSURBVDjLTZJtTFNXGMdvlpgl27Jvi5/2meyLWZbFGBdBBqJpi0njEtzEJUZa7LBGrARwTkvZFFpqodmKMC0CCrG1jSJqfCktl65YkUKtIFVKl6Kzl', '0000-00-00', 57),
(1014, 'VK Mobile VK1020', 0, 'Maecenas ut massa quis augue luctus tincidunt. Nulla mollis molestie lorem. Quisque ut erat. Curabitur gravida nisi at nibh. In hac habitasse platea dictumst.', 'data:image/png;base64,iVBORw0KGgoAAAANSUhEUgAAABAAAAAQCAYAAAAf8/9hAAAABGdBTUEAAK/INwWK6QAAABl0RVh0U29mdHdhcmUAQWRvYmUgSW1hZ2VSZWFkeXHJZTwAAACtSURBVDjL7dIxCwFxHMbxX8mmDAa67tV4D7wDZTolMlzpn+QoouNlyMZ0Vyc5g1v/JQPdYlJGmb5egbpLNsOzfuqprwDyzeQPfABc08A1FdOSZlLQO', '0000-00-00', 47),
(1015, 'Motorola Moto G', 0, 'Aenean auctor gravida sem. Praesent id massa id nisl venenatis lacinia. Aenean sit amet justo. Morbi ut odio. Cras mi pede, malesuada in, imperdiet et, commodo vulputate, justo. In blandit ultrices enim. Lorem ipsum dolor sit amet, consectetuer adipiscing elit.', 'data:image/png;base64,iVBORw0KGgoAAAANSUhEUgAAABAAAAAQCAYAAAAf8/9hAAAABGdBTUEAAK/INwWK6QAAABl0RVh0U29mdHdhcmUAQWRvYmUgSW1hZ2VSZWFkeXHJZTwAAAHySURBVDjLtZPvT1JxFMb5O/gHskVzrrV+mFZomDdEDGkYKSXlRleY6IzcFdQ7lBgYeaELBNjFEpbWi9psRU7JnCa3VYTV/WfY01davkFk0/XivDp7P', '0000-00-00', 15),
(1018, 'Motorola V290', 0, 'Duis ac nibh. Fusce lacus purus, aliquet at, feugiat non, pretium quis, lectus. Suspendisse potenti. In eleifend quam a odio. In hac habitasse platea dictumst. Maecenas ut massa quis augue luctus tincidunt. Nulla mollis molestie lorem. Quisque ut erat. Curabitur gravida nisi at nibh. In hac habitasse platea dictumst.', 'data:image/png;base64,iVBORw0KGgoAAAANSUhEUgAAABAAAAAQCAYAAAAf8/9hAAAABGdBTUEAAK/INwWK6QAAABl0RVh0U29mdHdhcmUAQWRvYmUgSW1hZ2VSZWFkeXHJZTwAAAIpSURBVDjLpZNPSFRRFMZ/749/Kt3IqFTSRoSMmrGIYTTbpEJtjBCCok1Em9JVG1dRC8FFEES5aGFEgRRZWq1iLKKxBiNqLDcltQgmHR9hY6LOu+feF', '0000-00-00', 32),
(1023, 'Vodafone Smart Tab II 10', 0, 'Vestibulum quam sapien, varius ut, blandit non, interdum in, ante. Vestibulum ante ipsum primis in faucibus orci luctus et ultrices posuere cubilia Curae; Duis faucibus accumsan odio. Curabitur convallis. Duis consequat dui nec nisi volutpat eleifend. Donec ut dolor. Morbi vel lectus in quam fringilla rhoncus. Mauris enim leo, rhoncus sed, vestibulum sit amet, cursus id, turpis.', 'data:image/png;base64,iVBORw0KGgoAAAANSUhEUgAAABAAAAAQCAYAAAAf8/9hAAAABGdBTUEAAK/INwWK6QAAABl0RVh0U29mdHdhcmUAQWRvYmUgSW1hZ2VSZWFkeXHJZTwAAAMCSURBVDjLTdBNaFxVGMbx/zn33plOZjIT8zmGOnFM1VoNJYFWYi2CtVSMdKUbK+LKhSAGXYhd2m6FQkEXLbiwETcWiq3WpiiSBLRqTa122pEmMZPmw', '0000-00-00', 20),
(1030, 'vivo V5', 0, 'Pellentesque eget nunc. Donec quis orci eget orci vehicula condimentum. Curabitur in libero ut massa volutpat convallis. Morbi odio odio, elementum eu, interdum eu, tincidunt in, leo. Maecenas pulvinar lobortis est.', 'data:image/png;base64,iVBORw0KGgoAAAANSUhEUgAAABAAAAAQCAYAAAAf8/9hAAAABGdBTUEAAK/INwWK6QAAABl0RVh0U29mdHdhcmUAQWRvYmUgSW1hZ2VSZWFkeXHJZTwAAAKTSURBVDjLjZNLSJRRFMd/95uHOmrjo0zM0RTR7EFvg4oeEtQiKoRcRBRFaKs2QatW0cIeFCRUWERBgYsWFYQUUfawh20GW+SDHIcSdaRSq5n5vu/e7', '0000-00-00', 21),
(1033, 'Bosch 909 Dual', 0, 'Nulla mollis molestie lorem. Quisque ut erat. Curabitur gravida nisi at nibh. In hac habitasse platea dictumst. Aliquam augue quam, sollicitudin vitae, consectetuer eget, rutrum at, lorem. Integer tincidunt ante vel ipsum. Praesent blandit lacinia erat. Vestibulum sed magna at nunc commodo placerat. Praesent blandit.', 'data:image/png;base64,iVBORw0KGgoAAAANSUhEUgAAABAAAAAQCAYAAAAf8/9hAAAABGdBTUEAAK/INwWK6QAAABl0RVh0U29mdHdhcmUAQWRvYmUgSW1hZ2VSZWFkeXHJZTwAAAJcSURBVDjLpZPtT5JhFMafrW997I9rscA+FFu2QRurtlw5cQ4InLpwBogIPNFSiNJ4C+JVkj0QTBHQKFPQlJfwlanY1tXz3ARkn2jd27Wz++yc33XOv', '0000-00-00', 12),
(1058, 'Iphone 50', 250, 'Je to fakt dobrý', '/assets/iPhone15.webp', '2024-06-12', 1);

-- --------------------------------------------------------

--
-- Table structure for table `product_has_category`
--

CREATE TABLE `product_has_category` (
  `product_id_product` int(11) NOT NULL,
  `category_id_category` int(11) NOT NULL
) ENGINE=InnoDB DEFAULT CHARSET=utf8 COLLATE=utf8_general_ci;

-- --------------------------------------------------------

--
-- Table structure for table `review`
--

CREATE TABLE `review` (
  `id_review` int(11) NOT NULL,
  `review` int(11) DEFAULT NULL,
  `text` varchar(255) DEFAULT NULL,
  `product_id_product` int(11) NOT NULL,
  `user_id_user` int(11) NOT NULL
) ENGINE=InnoDB DEFAULT CHARSET=utf8 COLLATE=utf8_general_ci;

--
-- Dumping data for table `review`
--

INSERT INTO `review` (`id_review`, `review`, `text`, `product_id_product`, `user_id_user`) VALUES
(1, 1, 'Nunc rhoncus dui vel sem. Sed sagittis. Nam congue, risus semper porta volutpat, quam pede lobortis ligula, sit amet eleifend pede libero quis orci. Nullam molestie nibh in lectus. Pellentesque at nulla.', 1, 1),
(2, 4, 'In blandit ultrices enim. Lorem ipsum dolor sit amet, consectetuer adipiscing elit.', 2, 2),
(3, 2, 'Integer tincidunt ante vel ipsum. Praesent blandit lacinia erat. Vestibulum sed magna at nunc commodo placerat. Praesent blandit. Nam nulla. Integer pede justo, lacinia eget, tincidunt eget, tempus vel, pede.', 3, 3),
(4, 4, 'Cras non velit nec nisi vulputate nonummy. Maecenas tincidunt lacus at velit.', 4, 4),
(5, 3, 'Vestibulum ac est lacinia nisi venenatis tristique. Fusce congue, diam id ornare imperdiet, sapien urna pretium nisl, ut volutpat sapien arcu sed augue. Aliquam erat volutpat. In congue. Etiam justo. Etiam pretium iaculis justo. In hac habitasse platea di', 5, 5),
(6, 1, 'Aenean fermentum. Donec ut mauris eget massa tempor convallis. Nulla neque libero, convallis eget, eleifend luctus, ultricies eu, nibh. Quisque id justo sit amet sapien dignissim vestibulum. Vestibulum ante ipsum primis in faucibus orci luctus et ultrices', 6, 6),
(7, 2, 'Curabitur in libero ut massa volutpat convallis. Morbi odio odio, elementum eu, interdum eu, tincidunt in, leo. Maecenas pulvinar lobortis est. Phasellus sit amet erat. Nulla tempus.', 7, 7),
(8, 4, 'Morbi odio odio, elementum eu, interdum eu, tincidunt in, leo. Maecenas pulvinar lobortis est. Phasellus sit amet erat. Nulla tempus. Vivamus in felis eu sapien cursus vestibulum. Proin eu mi.', 8, 8),
(9, 5, 'Curabitur in libero ut massa volutpat convallis. Morbi odio odio, elementum eu, interdum eu, tincidunt in, leo. Maecenas pulvinar lobortis est.', 9, 9),
(10, 5, 'Lorem ipsum dolor sit amet, consectetuer adipiscing elit. Proin interdum mauris non ligula pellentesque ultrices. Phasellus id sapien in sapien iaculis congue. Vivamus metus arcu, adipiscing molestie, hendrerit at, vulputate vitae, nisl. Aenean lectus. Pe', 10, 10),
(11, 5, 'Nulla facilisi. Cras non velit nec nisi vulputate nonummy. Maecenas tincidunt lacus at velit. Vivamus vel nulla eget eros elementum pellentesque.', 11, 11),
(12, 5, 'Curabitur gravida nisi at nibh. In hac habitasse platea dictumst. Aliquam augue quam, sollicitudin vitae, consectetuer eget, rutrum at, lorem. Integer tincidunt ante vel ipsum. Praesent blandit lacinia erat. Vestibulum sed magna at nunc commodo placerat. ', 12, 12),
(13, 5, 'Praesent lectus. Vestibulum quam sapien, varius ut, blandit non, interdum in, ante. Vestibulum ante ipsum primis in faucibus orci luctus et ultrices posuere cubilia Curae; Duis faucibus accumsan odio. Curabitur convallis. Duis consequat dui nec nisi volut', 13, 13),
(14, 4, 'Aenean fermentum. Donec ut mauris eget massa tempor convallis. Nulla neque libero, convallis eget, eleifend luctus, ultricies eu, nibh.', 14, 14),
(15, 1, 'Aliquam sit amet diam in magna bibendum imperdiet. Nullam orci pede, venenatis non, sodales sed, tincidunt eu, felis. Fusce posuere felis sed lacus.', 15, 15),
(16, 1, 'In tempor, turpis nec euismod scelerisque, quam turpis adipiscing lorem, vitae mattis nibh ligula nec sem.', 16, 16),
(17, 3, 'Donec diam neque, vestibulum eget, vulputate ut, ultrices vel, augue. Vestibulum ante ipsum primis in faucibus orci luctus et ultrices posuere cubilia Curae; Donec pharetra, magna vestibulum aliquet ultrices, erat tortor sollicitudin mi, sit amet lobortis', 17, 17),
(18, 5, 'Pellentesque viverra pede ac diam. Cras pellentesque volutpat dui. Maecenas tristique, est et tempus semper, est quam pharetra magna, ac consequat metus sapien ut nunc. Vestibulum ante ipsum primis in faucibus orci luctus et ultrices posuere cubilia Curae', 18, 18),
(19, 1, 'Nullam porttitor lacus at turpis. Donec posuere metus vitae ipsum.', 19, 19),
(20, 4, 'Nunc purus. Phasellus in felis. Donec semper sapien a libero. Nam dui. Proin leo odio, porttitor id, consequat in, consequat ut, nulla. Sed accumsan felis.', 20, 20),
(21, 4, 'Mauris sit amet eros. Suspendisse accumsan tortor quis turpis. Sed ante. Vivamus tortor. Duis mattis egestas metus. Aenean fermentum.', 21, 21),
(22, 3, 'Vivamus tortor. Duis mattis egestas metus. Aenean fermentum.', 22, 22),
(23, 4, 'Nam congue, risus semper porta volutpat, quam pede lobortis ligula, sit amet eleifend pede libero quis orci. Nullam molestie nibh in lectus. Pellentesque at nulla.', 23, 23),
(24, 3, 'Aliquam erat volutpat. In congue. Etiam justo. Etiam pretium iaculis justo. In hac habitasse platea dictumst. Etiam faucibus cursus urna. Ut tellus.', 24, 24),
(25, 3, 'Integer ac leo. Pellentesque ultrices mattis odio. Donec vitae nisi. Nam ultrices, libero non mattis pulvinar, nulla pede ullamcorper augue, a suscipit nulla elit ac nulla. Sed vel enim sit amet nunc viverra dapibus. Nulla suscipit ligula in lacus. Curabi', 25, 25),
(26, 3, 'Quisque ut erat. Curabitur gravida nisi at nibh.', 26, 26),
(27, 4, 'Morbi sem mauris, laoreet ut, rhoncus aliquet, pulvinar sed, nisl. Nunc rhoncus dui vel sem.', 27, 27),
(28, 3, 'Aenean lectus. Pellentesque eget nunc. Donec quis orci eget orci vehicula condimentum.', 28, 28),
(29, 2, 'Suspendisse potenti. Nullam porttitor lacus at turpis. Donec posuere metus vitae ipsum. Aliquam non mauris. Morbi non lectus.', 29, 29),
(30, 4, 'Aliquam erat volutpat. In congue. Etiam justo. Etiam pretium iaculis justo. In hac habitasse platea dictumst.', 30, 30),
(31, 5, 'Vivamus vestibulum sagittis sapien. Cum sociis natoque penatibus et magnis dis parturient montes, nascetur ridiculus mus. Etiam vel augue. Vestibulum rutrum rutrum neque. Aenean auctor gravida sem.', 31, 31),
(32, 5, 'Vivamus vel nulla eget eros elementum pellentesque. Quisque porta volutpat erat. Quisque erat eros, viverra eget, congue eget, semper rutrum, nulla. Nunc purus.', 32, 32),
(33, 2, 'Maecenas rhoncus aliquam lacus. Morbi quis tortor id nulla ultrices aliquet.', 33, 33),
(34, 1, 'Duis bibendum, felis sed interdum venenatis, turpis enim blandit mi, in porttitor pede justo eu massa. Donec dapibus. Duis at velit eu est congue elementum. In hac habitasse platea dictumst. Morbi vestibulum, velit id pretium iaculis, diam erat fermentum ', 34, 34),
(35, 4, 'Etiam faucibus cursus urna. Ut tellus. Nulla ut erat id mauris vulputate elementum.', 35, 35),
(36, 5, 'Duis mattis egestas metus. Aenean fermentum. Donec ut mauris eget massa tempor convallis.', 36, 36),
(37, 1, 'Maecenas rhoncus aliquam lacus. Morbi quis tortor id nulla ultrices aliquet. Maecenas leo odio, condimentum id, luctus nec, molestie sed, justo. Pellentesque viverra pede ac diam.', 37, 37),
(38, 4, 'Vestibulum rutrum rutrum neque. Aenean auctor gravida sem. Praesent id massa id nisl venenatis lacinia. Aenean sit amet justo. Morbi ut odio. Cras mi pede, malesuada in, imperdiet et, commodo vulputate, justo. In blandit ultrices enim. Lorem ipsum dolor s', 38, 38),
(39, 4, 'Morbi non lectus. Aliquam sit amet diam in magna bibendum imperdiet. Nullam orci pede, venenatis non, sodales sed, tincidunt eu, felis. Fusce posuere felis sed lacus. Morbi sem mauris, laoreet ut, rhoncus aliquet, pulvinar sed, nisl. Nunc rhoncus dui vel ', 39, 39),
(40, 3, 'Morbi porttitor lorem id ligula. Suspendisse ornare consequat lectus. In est risus, auctor sed, tristique in, tempus sit amet, sem. Fusce consequat. Nulla nisl. Nunc nisl. Duis bibendum, felis sed interdum venenatis, turpis enim blandit mi, in porttitor p', 40, 40),
(41, 5, 'Cum sociis natoque penatibus et magnis dis parturient montes, nascetur ridiculus mus. Etiam vel augue. Vestibulum rutrum rutrum neque. Aenean auctor gravida sem. Praesent id massa id nisl venenatis lacinia.', 41, 41),
(42, 1, 'Duis ac nibh. Fusce lacus purus, aliquet at, feugiat non, pretium quis, lectus. Suspendisse potenti. In eleifend quam a odio. In hac habitasse platea dictumst. Maecenas ut massa quis augue luctus tincidunt. Nulla mollis molestie lorem. Quisque ut erat. Cu', 42, 42),
(43, 1, 'Cras in purus eu magna vulputate luctus.', 43, 43),
(44, 4, 'In hac habitasse platea dictumst. Morbi vestibulum, velit id pretium iaculis, diam erat fermentum justo, nec condimentum neque sapien placerat ante. Nulla justo. Aliquam quis turpis eget elit sodales scelerisque. Mauris sit amet eros. Suspendisse accumsan', 44, 44),
(45, 3, 'Fusce lacus purus, aliquet at, feugiat non, pretium quis, lectus. Suspendisse potenti. In eleifend quam a odio. In hac habitasse platea dictumst. Maecenas ut massa quis augue luctus tincidunt. Nulla mollis molestie lorem.', 45, 45),
(46, 2, 'Integer ac leo. Pellentesque ultrices mattis odio. Donec vitae nisi. Nam ultrices, libero non mattis pulvinar, nulla pede ullamcorper augue, a suscipit nulla elit ac nulla. Sed vel enim sit amet nunc viverra dapibus. Nulla suscipit ligula in lacus. Curabi', 46, 46),
(47, 4, 'Proin at turpis a pede posuere nonummy. Integer non velit. Donec diam neque, vestibulum eget, vulputate ut, ultrices vel, augue. Vestibulum ante ipsum primis in faucibus orci luctus et ultrices posuere cubilia Curae; Donec pharetra, magna vestibulum aliqu', 47, 47),
(48, 5, 'Curabitur gravida nisi at nibh. In hac habitasse platea dictumst. Aliquam augue quam, sollicitudin vitae, consectetuer eget, rutrum at, lorem. Integer tincidunt ante vel ipsum. Praesent blandit lacinia erat. Vestibulum sed magna at nunc commodo placerat.', 48, 48),
(49, 3, 'Cum sociis natoque penatibus et magnis dis parturient montes, nascetur ridiculus mus. Etiam vel augue. Vestibulum rutrum rutrum neque. Aenean auctor gravida sem.', 49, 49),
(50, 3, 'Nam dui. Proin leo odio, porttitor id, consequat in, consequat ut, nulla. Sed accumsan felis. Ut at dolor quis odio consequat varius. Integer ac leo. Pellentesque ultrices mattis odio. Donec vitae nisi. Nam ultrices, libero non mattis pulvinar, nulla pede', 50, 50),
(51, 3, 'Proin at turpis a pede posuere nonummy. Integer non velit. Donec diam neque, vestibulum eget, vulputate ut, ultrices vel, augue. Vestibulum ante ipsum primis in faucibus orci luctus et ultrices posuere cubilia Curae; Donec pharetra, magna vestibulum aliqu', 51, 51),
(52, 2, 'Nulla tempus. Vivamus in felis eu sapien cursus vestibulum. Proin eu mi. Nulla ac enim. In tempor, turpis nec euismod scelerisque, quam turpis adipiscing lorem, vitae mattis nibh ligula nec sem. Duis aliquam convallis nunc. Proin at turpis a pede posuere ', 52, 52),
(53, 2, 'Proin risus. Praesent lectus. Vestibulum quam sapien, varius ut, blandit non, interdum in, ante. Vestibulum ante ipsum primis in faucibus orci luctus et ultrices posuere cubilia Curae; Duis faucibus accumsan odio. Curabitur convallis. Duis consequat dui n', 53, 53),
(54, 4, 'Aliquam erat volutpat. In congue. Etiam justo.', 54, 54),
(67, 2, 'Fusce posuere felis sed lacus. Morbi sem mauris, laoreet ut, rhoncus aliquet, pulvinar sed, nisl. Nunc rhoncus dui vel sem. Sed sagittis. Nam congue, risus semper porta volutpat, quam pede lobortis ligula, sit amet eleifend pede libero quis orci. Nullam m', 14, 14),
(80, 4, 'Nulla nisl.', 4, 4),
(98, 5, 'Maecenas pulvinar lobortis est. Phasellus sit amet erat. Nulla tempus.', 48, 48),
(129, 4, 'Ut at dolor quis odio consequat varius. Integer ac leo. Pellentesque ultrices mattis odio. Donec vitae nisi. Nam ultrices, libero non mattis pulvinar, nulla pede ullamcorper augue, a suscipit nulla elit ac nulla.', 2, 2),
(165, 2, 'Praesent id massa id nisl venenatis lacinia. Aenean sit amet justo. Morbi ut odio. Cras mi pede, malesuada in, imperdiet et, commodo vulputate, justo. In blandit ultrices enim. Lorem ipsum dolor sit amet, consectetuer adipiscing elit. Proin interdum mauri', 10, 10),
(204, 2, 'Curabitur in libero ut massa volutpat convallis. Morbi odio odio, elementum eu, interdum eu, tincidunt in, leo. Maecenas pulvinar lobortis est. Phasellus sit amet erat. Nulla tempus.', 45, 45),
(245, 1, 'Vivamus metus arcu, adipiscing molestie, hendrerit at, vulputate vitae, nisl. Aenean lectus. Pellentesque eget nunc.', 38, 38),
(292, 2, 'Suspendisse potenti. In eleifend quam a odio. In hac habitasse platea dictumst. Maecenas ut massa quis augue luctus tincidunt. Nulla mollis molestie lorem. Quisque ut erat. Curabitur gravida nisi at nibh. In hac habitasse platea dictumst.', 18, 18),
(296, 1, 'Fusce congue, diam id ornare imperdiet, sapien urna pretium nisl, ut volutpat sapien arcu sed augue. Aliquam erat volutpat. In congue.', 30, 30),
(310, 4, 'Sed ante. Vivamus tortor. Duis mattis egestas metus. Aenean fermentum. Donec ut mauris eget massa tempor convallis. Nulla neque libero, convallis eget, eleifend luctus, ultricies eu, nibh. Quisque id justo sit amet sapien dignissim vestibulum.', 27, 27),
(347, 3, 'Cras in purus eu magna vulputate luctus.', 24, 24),
(368, 5, 'Cras pellentesque volutpat dui. Maecenas tristique, est et tempus semper, est quam pharetra magna, ac consequat metus sapien ut nunc. Vestibulum ante ipsum primis in faucibus orci luctus et ultrices posuere cubilia Curae; Mauris viverra diam vitae quam. S', 12, 12),
(378, 5, 'Cras non velit nec nisi vulputate nonummy. Maecenas tincidunt lacus at velit. Vivamus vel nulla eget eros elementum pellentesque. Quisque porta volutpat erat.', 47, 47),
(379, 1, 'Donec ut mauris eget massa tempor convallis. Nulla neque libero, convallis eget, eleifend luctus, ultricies eu, nibh. Quisque id justo sit amet sapien dignissim vestibulum. Vestibulum ante ipsum primis in faucibus orci luctus et ultrices posuere cubilia C', 35, 35),
(416, 3, 'Phasellus id sapien in sapien iaculis congue. Vivamus metus arcu, adipiscing molestie, hendrerit at, vulputate vitae, nisl. Aenean lectus. Pellentesque eget nunc. Donec quis orci eget orci vehicula condimentum. Curabitur in libero ut massa volutpat conval', 8, 8),
(445, 4, 'Fusce congue, diam id ornare imperdiet, sapien urna pretium nisl, ut volutpat sapien arcu sed augue. Aliquam erat volutpat. In congue. Etiam justo.', 6, 6),
(455, 1, 'Fusce congue, diam id ornare imperdiet, sapien urna pretium nisl, ut volutpat sapien arcu sed augue. Aliquam erat volutpat. In congue. Etiam justo. Etiam pretium iaculis justo. In hac habitasse platea dictumst. Etiam faucibus cursus urna.', 3, 3),
(460, 4, 'Fusce congue, diam id ornare imperdiet, sapien urna pretium nisl, ut volutpat sapien arcu sed augue. Aliquam erat volutpat. In congue.', 28, 28),
(463, 2, 'Nulla ut erat id mauris vulputate elementum. Nullam varius.', 22, 22),
(467, 5, 'Pellentesque viverra pede ac diam. Cras pellentesque volutpat dui. Maecenas tristique, est et tempus semper, est quam pharetra magna, ac consequat metus sapien ut nunc. Vestibulum ante ipsum primis in faucibus orci luctus et ultrices posuere cubilia Curae', 31, 31),
(493, 3, 'Nulla ut erat id mauris vulputate elementum. Nullam varius. Nulla facilisi. Cras non velit nec nisi vulputate nonummy. Maecenas tincidunt lacus at velit. Vivamus vel nulla eget eros elementum pellentesque. Quisque porta volutpat erat.', 13, 13),
(535, 2, 'Vivamus tortor. Duis mattis egestas metus. Aenean fermentum. Donec ut mauris eget massa tempor convallis. Nulla neque libero, convallis eget, eleifend luctus, ultricies eu, nibh. Quisque id justo sit amet sapien dignissim vestibulum. Vestibulum ante ipsum', 7, 7),
(542, 2, 'Praesent blandit. Nam nulla. Integer pede justo, lacinia eget, tincidunt eget, tempus vel, pede. Morbi porttitor lorem id ligula.', 41, 41),
(546, 1, 'Nullam porttitor lacus at turpis. Donec posuere metus vitae ipsum. Aliquam non mauris. Morbi non lectus. Aliquam sit amet diam in magna bibendum imperdiet. Nullam orci pede, venenatis non, sodales sed, tincidunt eu, felis. Fusce posuere felis sed lacus.', 53, 53),
(593, 4, 'Morbi a ipsum. Integer a nibh. In quis justo. Maecenas rhoncus aliquam lacus. Morbi quis tortor id nulla ultrices aliquet. Maecenas leo odio, condimentum id, luctus nec, molestie sed, justo. Pellentesque viverra pede ac diam.', 54, 54),
(595, 3, 'Mauris lacinia sapien quis libero. Nullam sit amet turpis elementum ligula vehicula consequat. Morbi a ipsum. Integer a nibh.', 46, 46),
(607, 5, 'Nullam porttitor lacus at turpis.', 20, 20),
(609, 3, 'Pellentesque at nulla. Suspendisse potenti. Cras in purus eu magna vulputate luctus. Cum sociis natoque penatibus et magnis dis parturient montes, nascetur ridiculus mus. Vivamus vestibulum sagittis sapien. Cum sociis natoque penatibus et magnis dis partu', 1, 1),
(652, 2, 'Proin leo odio, porttitor id, consequat in, consequat ut, nulla. Sed accumsan felis. Ut at dolor quis odio consequat varius. Integer ac leo. Pellentesque ultrices mattis odio. Donec vitae nisi. Nam ultrices, libero non mattis pulvinar, nulla pede ullamcor', 50, 50),
(660, 5, 'Nam congue, risus semper porta volutpat, quam pede lobortis ligula, sit amet eleifend pede libero quis orci. Nullam molestie nibh in lectus.', 9, 9),
(663, 3, 'Aliquam sit amet diam in magna bibendum imperdiet. Nullam orci pede, venenatis non, sodales sed, tincidunt eu, felis. Fusce posuere felis sed lacus. Morbi sem mauris, laoreet ut, rhoncus aliquet, pulvinar sed, nisl. Nunc rhoncus dui vel sem. Sed sagittis.', 25, 25),
(666, 3, 'Cras non velit nec nisi vulputate nonummy. Maecenas tincidunt lacus at velit. Vivamus vel nulla eget eros elementum pellentesque. Quisque porta volutpat erat. Quisque erat eros, viverra eget, congue eget, semper rutrum, nulla. Nunc purus.', 32, 32),
(713, 3, 'In congue. Etiam justo. Etiam pretium iaculis justo. In hac habitasse platea dictumst. Etiam faucibus cursus urna. Ut tellus.', 23, 23),
(734, 2, 'Vestibulum sed magna at nunc commodo placerat. Praesent blandit. Nam nulla. Integer pede justo, lacinia eget, tincidunt eget, tempus vel, pede.', 119, 119),
(743, 2, 'Proin interdum mauris non ligula pellentesque ultrices. Phasellus id sapien in sapien iaculis congue. Vivamus metus arcu, adipiscing molestie, hendrerit at, vulputate vitae, nisl. Aenean lectus. Pellentesque eget nunc.', 5, 5),
(797, 4, 'Pellentesque viverra pede ac diam. Cras pellentesque volutpat dui. Maecenas tristique, est et tempus semper, est quam pharetra magna, ac consequat metus sapien ut nunc. Vestibulum ante ipsum primis in faucibus orci luctus et ultrices posuere cubilia Curae', 19, 19),
(815, 1, 'Suspendisse ornare consequat lectus. In est risus, auctor sed, tristique in, tempus sit amet, sem. Fusce consequat. Nulla nisl.', 17, 17),
(817, 4, 'Vestibulum sed magna at nunc commodo placerat. Praesent blandit. Nam nulla. Integer pede justo, lacinia eget, tincidunt eget, tempus vel, pede. Morbi porttitor lorem id ligula.', 11, 11),
(823, 4, 'Maecenas rhoncus aliquam lacus. Morbi quis tortor id nulla ultrices aliquet. Maecenas leo odio, condimentum id, luctus nec, molestie sed, justo. Pellentesque viverra pede ac diam. Cras pellentesque volutpat dui. Maecenas tristique, est et tempus semper, e', 116, 116),
(833, 3, 'Proin eu mi. Nulla ac enim. In tempor, turpis nec euismod scelerisque, quam turpis adipiscing lorem, vitae mattis nibh ligula nec sem. Duis aliquam convallis nunc. Proin at turpis a pede posuere nonummy. Integer non velit. Donec diam neque, vestibulum ege', 34, 34),
(844, 2, 'Vestibulum ante ipsum primis in faucibus orci luctus et ultrices posuere cubilia Curae; Mauris viverra diam vitae quam. Suspendisse potenti. Nullam porttitor lacus at turpis. Donec posuere metus vitae ipsum. Aliquam non mauris. Morbi non lectus. Aliquam s', 39, 39),
(873, 3, 'Donec ut mauris eget massa tempor convallis. Nulla neque libero, convallis eget, eleifend luctus, ultricies eu, nibh. Quisque id justo sit amet sapien dignissim vestibulum. Vestibulum ante ipsum primis in faucibus orci luctus et ultrices posuere cubilia C', 29, 29),
(875, 2, 'Vivamus vel nulla eget eros elementum pellentesque. Quisque porta volutpat erat. Quisque erat eros, viverra eget, congue eget, semper rutrum, nulla. Nunc purus. Phasellus in felis. Donec semper sapien a libero.', 26, 26),
(880, 5, 'Etiam faucibus cursus urna. Ut tellus.', 16, 16),
(898, 2, 'Nam nulla. Integer pede justo, lacinia eget, tincidunt eget, tempus vel, pede. Morbi porttitor lorem id ligula. Suspendisse ornare consequat lectus.', 33, 33),
(911, 2, 'In sagittis dui vel nisl. Duis ac nibh. Fusce lacus purus, aliquet at, feugiat non, pretium quis, lectus. Suspendisse potenti. In eleifend quam a odio.', 37, 37),
(942, 3, 'In hac habitasse platea dictumst. Morbi vestibulum, velit id pretium iaculis, diam erat fermentum justo, nec condimentum neque sapien placerat ante. Nulla justo. Aliquam quis turpis eget elit sodales scelerisque. Mauris sit amet eros. Suspendisse accumsan', 42, 42),
(958, 4, 'Donec posuere metus vitae ipsum. Aliquam non mauris. Morbi non lectus. Aliquam sit amet diam in magna bibendum imperdiet.', 15, 15),
(975, 2, 'Pellentesque ultrices mattis odio. Donec vitae nisi. Nam ultrices, libero non mattis pulvinar, nulla pede ullamcorper augue, a suscipit nulla elit ac nulla. Sed vel enim sit amet nunc viverra dapibus. Nulla suscipit ligula in lacus. Curabitur at ipsum ac ', 52, 52),
(985, 1, 'Vestibulum sed magna at nunc commodo placerat. Praesent blandit. Nam nulla. Integer pede justo, lacinia eget, tincidunt eget, tempus vel, pede. Morbi porttitor lorem id ligula. Suspendisse ornare consequat lectus. In est risus, auctor sed, tristique in, t', 43, 43),
(999, 2, 'Integer ac leo. Pellentesque ultrices mattis odio. Donec vitae nisi. Nam ultrices, libero non mattis pulvinar, nulla pede ullamcorper augue, a suscipit nulla elit ac nulla. Sed vel enim sit amet nunc viverra dapibus. Nulla suscipit ligula in lacus. Curabi', 21, 21),
(1005, 2, 'Nunc purus. Phasellus in felis. Donec semper sapien a libero. Nam dui. Proin leo odio, porttitor id, consequat in, consequat ut, nulla. Sed accumsan felis. Ut at dolor quis odio consequat varius. Integer ac leo. Pellentesque ultrices mattis odio. Donec vi', 36, 36),
(1024, 4, 'Vivamus tortor. Duis mattis egestas metus. Aenean fermentum.', 40, 40),
(1028, 5, 'In hac habitasse platea dictumst. Etiam faucibus cursus urna. Ut tellus. Nulla ut erat id mauris vulputate elementum. Nullam varius.', 51, 51);

-- --------------------------------------------------------

--
-- Table structure for table `sessions`
--

CREATE TABLE `sessions` (
  `id` varchar(255) NOT NULL,
  `user_id` bigint(20) UNSIGNED DEFAULT NULL,
  `ip_address` varchar(45) DEFAULT NULL,
  `user_agent` text DEFAULT NULL,
  `payload` longtext NOT NULL,
  `last_activity` int(11) NOT NULL
) ENGINE=InnoDB DEFAULT CHARSET=utf8mb4 COLLATE=utf8mb4_unicode_ci;

--
-- Dumping data for table `sessions`
--

INSERT INTO `sessions` (`id`, `user_id`, `ip_address`, `user_agent`, `payload`, `last_activity`) VALUES
('k6IN4QUtxMWsHV1NFUf3pfigpFN2eUuZ8OUNhhUl', NULL, '127.0.0.1', 'Mozilla/5.0 (Windows NT 10.0; Win64; x64; rv:126.0) Gecko/20100101 Firefox/126.0', 'YTozOntzOjY6Il90b2tlbiI7czo0MDoiQlNuY3dHWFU2UzJtcG1JTEVOQjlkQ0tCeHRyMllKWUh3YnpTUjRZQiI7czo5OiJfcHJldmlvdXMiO2E6MTp7czozOiJ1cmwiO3M6Mzc6Imh0dHA6Ly8xMjcuMC4wLjE6ODAwMC9wcm9kdWN0cy8yL2VkaXQiO31zOjY6Il9mbGFzaCI7YToyOntzOjM6Im9sZCI7YTowOnt9czozOiJuZXciO2E6MDp7fX19', 1717439561);

-- --------------------------------------------------------

--
-- Table structure for table `user`
--

CREATE TABLE `user` (
  `id_user` int(11) NOT NULL,
  `name` varchar(255) NOT NULL,
  `email` varchar(255) NOT NULL,
  `adress` varchar(255) NOT NULL,
  `city` varchar(255) NOT NULL,
  `postal_code` varchar(255) NOT NULL,
  `phone` varchar(255) NOT NULL
) ENGINE=InnoDB DEFAULT CHARSET=utf8 COLLATE=utf8_general_ci;

--
-- Dumping data for table `user`
--

INSERT INTO `user` (`id_user`, `name`, `email`, `adress`, `city`, `postal_code`, `phone`) VALUES
(1, 'Edouard', 'egaenor0@github.com', 'Apt 1633', 'Kimakamak', '', '872-712-6585'),
(2, 'Gerrilee', 'gdraco1@blogtalkradio.com', 'Suite 46', 'Panggung', '', '733-671-2515'),
(3, 'Bruno', 'btearny2@wikimedia.org', 'PO Box 93370', 'La Mohammedia', '', '728-999-8233'),
(4, 'Robinia', 'rwoller3@mapquest.com', 'PO Box 42626', 'Huancheng', '', '793-923-3937'),
(5, 'Shanan', 'shanaford4@wikipedia.org', '7th Floor', 'Nobres', '78460-000', '373-340-4313'),
(6, 'Morie', 'mwagenen5@networksolutions.com', '9th Floor', 'Cool űrhajó', '', '258-227-2089'),
(7, 'Elissa', 'ecolvin6@google.com.hk', 'Apt 898', 'Toutuo', '', '165-312-8818'),
(8, 'Arabele', 'avannar7@cnbc.com', 'Suite 11', 'Växjö', '351 06', '481-966-5045'),
(9, 'Jonell', 'jcotta8@telegraph.co.uk', '2nd Floor', 'Al Buq‘ah', '', '701-795-6699'),
(10, 'Tannie', 'tcasburn9@twitpic.com', '20th Floor', 'Sukorejo', '', '743-583-9253'),
(11, 'Gayle', 'gmcauleya@infoseek.co.jp', 'Room 1058', 'Luau', '', '626-492-4788'),
(12, 'Maddie', 'mcollsb@cargocollective.com', 'PO Box 84508', 'Borkowice', '26-422', '904-752-7621'),
(13, 'Philippa', 'psharkeyc@bigcartel.com', 'Apt 311', 'Kolo', '', '510-401-0259'),
(14, 'Clo', 'cbrandrethd@macromedia.com', 'PO Box 11539', 'Nyanza', '', '187-338-6940'),
(15, 'Aprilette', 'atinere@163.com', 'Suite 75', 'Pulau Tiga', '', '850-637-8673'),
(16, 'Margarethe', 'mspreadburyf@istockphoto.com', 'PO Box 55757', 'Vänersborg', '462 73', '316-634-1328'),
(17, 'Ad', 'asisselg@admin.ch', '19th Floor', 'Zolotyy Potik', '', '323-808-7796'),
(18, 'Gaspard', 'gkrochmannh@netscape.com', '5th Floor', 'Tullamore', 'R35', '257-859-2082'),
(19, 'Andra', 'adobbinsoni@patch.com', '18th Floor', 'Fleury-les-Aubrais', '45404 CEDEX', '417-116-9581'),
(20, 'Berny', 'bbrabbanj@sakura.ne.jp', 'Suite 84', 'Niedźwiada', '39-107', '977-650-6001'),
(21, 'Otho', 'odawesk@alibaba.com', '2nd Floor', 'Asempapan', '', '760-526-8008'),
(22, 'Rudolf', 'rbaroschl@europa.eu', '14th Floor', 'Chamalières', '63409 CEDEX', '853-857-3700'),
(23, 'Pru', 'pabelsm@ehow.com', 'PO Box 84613', 'Vazante', '38780-000', '254-430-9878'),
(24, 'Dorthea', 'dblockwelln@thetimes.co.uk', 'Room 1387', 'Songnim', '', '265-879-3458'),
(25, 'Jorie', 'jmcvitieo@nymag.com', 'Room 1941', 'Ambato', '', '767-999-3408'),
(26, 'Dee dee', 'dsizelandp@ovh.net', '1st Floor', 'Campinas', '13000-000', '154-356-2034'),
(27, 'Siouxie', 'sgregolinq@booking.com', '10th Floor', 'Al Jumaylīyah', '', '694-957-5003'),
(28, 'Wallas', 'wallkinsr@typepad.com', 'Room 1922', 'Henggouqiao', '', '318-684-8963'),
(29, 'Frannie', 'fmcpikes@vistaprint.com', 'PO Box 66913', 'Cinangsih Satu', '', '593-145-7870'),
(30, 'Gauthier', 'gsoarest@addthis.com', '5th Floor', 'Mölnlycke', '435 84', '278-794-8026'),
(31, 'Herve', 'hpenneru@army.mil', 'PO Box 45174', 'Malandag', '1621', '650-222-3051'),
(32, 'Gradey', 'gstorkesv@ehow.com', 'PO Box 28854', 'Shixian', '', '596-111-6152'),
(33, 'Hansiain', 'hsawyerw@gizmodo.com', 'Apt 1419', 'Solna', '171 78', '936-902-4425'),
(34, 'Kelly', 'kmerredyx@accuweather.com', 'Room 698', 'Tranca', '4234', '465-597-2245'),
(35, 'Corbin', 'cpinky@mozilla.com', 'Suite 76', 'Karangtengah', '', '111-356-3281'),
(36, 'Georgi', 'gkindleysidesz@t.co', '7th Floor', 'Paris La Défense', '92056 CEDEX', '272-116-9542'),
(37, 'Karia', 'kgillbe10@amazonaws.com', 'Apt 1838', 'Xuefeng', '', '581-130-7050'),
(38, 'Wain', 'wheinish11@baidu.com', 'PO Box 78460', 'Capim Grosso', '44695-000', '310-264-0552'),
(39, 'Maurice', 'msculpher12@php.net', 'Apt 1323', 'Yŏnan-ŭp', '', '363-558-0605'),
(40, 'Adelaida', 'asoutherton13@amazon.com', 'PO Box 93962', 'Yur’yevets', '155450', '516-681-6027'),
(41, 'Hyacinthe', 'hollis14@irs.gov', 'Apt 352', 'La Caleta Culebras', '', '687-898-8034'),
(42, 'Florence', 'fblemings15@free.fr', 'Suite 93', 'Qianjin', '', '876-994-4436'),
(43, 'Cletus', 'cmcjury16@booking.com', 'Room 508', 'Cigenca', '', '592-796-2779'),
(44, 'Reagan', 'rparadis17@ucoz.ru', 'Room 479', 'Kyenjojo', '', '652-553-9862'),
(45, 'Iggy', 'imacconnulty18@wikia.com', 'Room 1693', 'Copán', '', '893-549-1978'),
(46, 'Ainsley', 'ajopke19@nifty.com', 'PO Box 17601', 'Tánh Linh', '', '662-709-7136'),
(47, 'Eadmund', 'emorrish1a@gmpg.org', '16th Floor', 'Songhae', '', '988-877-6789'),
(48, 'Kerrin', 'kmazzei1b@pen.io', 'Suite 67', 'Xiatuanpu', '', '901-921-5099'),
(49, 'Huey', 'hlammin1c@bluehost.com', 'Apt 607', 'Imari', '849-5263', '695-646-1448'),
(50, 'Jonas', 'jfiles1d@cisco.com', '19th Floor', 'Hrvatska Kostajnica', '44430', '587-793-1594'),
(51, 'Marco', 'msheran1e@miitbeian.gov.cn', 'Apt 162', 'Jingtan', '', '391-841-0080'),
(52, 'Conan', 'cpieter1f@msn.com', 'Suite 12', 'Bordeaux', '33050 CEDEX', '433-416-0129'),
(53, 'Mathew', 'mdowley1g@uol.com.br', 'Apt 603', 'Tyukalinsk', '646334', '416-770-5565'),
(54, 'Neda', 'nbernardi1h@fotki.com', 'Apt 33', 'Siemkowice', '98-354', '979-908-4486'),
(55, 'Grier', 'ggolightly1i@mail.ru', 'Apt 1985', 'Puerto Morazán', '', '324-400-0146'),
(56, 'Fee', 'ftreneman1j@google.co.jp', 'Room 675', 'Stodolishche', '216471', '592-998-5362'),
(57, 'Harrietta', 'hfussie1k@merriam-webster.com', 'PO Box 2608', 'Jiazi', '', '172-117-7734'),
(58, 'Shelli', 'sleppard1l@businesswire.com', 'Apt 1306', 'Esparza', '60201', '485-310-6091'),
(59, 'Sandra', 'sblurton1m@163.com', '12th Floor', 'Nova Venécia', '29830-000', '904-922-7830'),
(60, 'Cathyleen', 'cnapleton1n@jimdo.com', '4th Floor', 'Colegiales', '1871', '481-619-9080'),
(61, 'Sherill', 'strahmel1o@blog.com', 'PO Box 44386', 'Bourg-en-Bresse', '01009 CEDEX', '593-269-3736'),
(62, 'Maura', 'mmarkwelley1p@linkedin.com', 'Apt 141', 'Stubno', '37-723', '519-707-9969'),
(63, 'Janka', 'jradleigh1q@un.org', 'PO Box 17647', 'Mchinji', '', '817-511-9879'),
(64, 'Corny', 'cballham1r@mapquest.com', 'Suite 33', 'Černý Most', '198 00', '375-303-5159'),
(65, 'Deina', 'dbaldacchino1s@hao123.com', 'Room 54', 'Niechanowo', '62-220', '515-721-4851'),
(66, 'Georgianne', 'goneal1t@netlog.com', 'PO Box 3763', 'Kingston', 'E5S', '407-356-2373'),
(67, 'Annadiane', 'amotte1u@sohu.com', 'PO Box 69462', 'Kemijärvi', '98999', '974-137-8956'),
(68, 'Case', 'ctommeo1v@techcrunch.com', '19th Floor', 'Mangochi', '', '652-368-6234'),
(69, 'Ekaterina', 'ehaeslier1w@instagram.com', 'PO Box 31056', 'Odemira', '7630-125', '929-924-6323'),
(70, 'Delano', 'dchupin1x@zdnet.com', 'Room 351', 'San Rafael Arriba', '10304', '357-321-2013'),
(71, 'Caddric', 'cpendreigh1y@dell.com', 'Apt 1089', 'Timashëvsk', '352708', '656-945-2674'),
(72, 'Logan', 'ldreelan1z@nsw.gov.au', 'Room 665', 'Kamālia', '57351', '612-598-4678'),
(73, 'Bonnie', 'bcolthard20@nih.gov', 'Suite 59', 'Višňové', '671 38', '659-868-8647'),
(74, 'Marcos', 'mkemshell21@hhs.gov', 'Room 1997', 'Bizana', '4804', '153-450-7893'),
(75, 'Vicki', 'vwillers22@comcast.net', 'Suite 91', 'Hedong', '', '454-779-4832'),
(76, 'Hilary', 'haiken23@ezinearticles.com', 'Room 353', 'Ad Dilam', '', '266-740-7789'),
(77, 'Harvey', 'hrizzetti24@tuttocitta.it', '10th Floor', 'Ukhta', '169309', '833-270-4458'),
(78, 'Arlyne', 'acollinwood25@last.fm', '5th Floor', 'Fornelos', '5030-213', '133-440-6401'),
(79, 'Sancho', 'smcmurtyr26@ycombinator.com', 'Apt 905', 'Luocheng', '', '183-791-8373'),
(80, 'Arney', 'agabbidon27@ezinearticles.com', '12th Floor', 'Vostochnyy', '612711', '343-562-2667'),
(81, 'Stace', 'szorzutti28@oakley.com', 'Apt 950', 'Mueang Nonthaburi', '11120', '731-560-5365'),
(82, 'Burke', 'bryan29@aol.com', 'Apt 1064', 'Montpellier', '34080', '274-218-8280'),
(83, 'Jordan', 'jlevecque2a@edublogs.org', 'Room 622', 'Khao Khitchakut', '50140', '837-586-3711'),
(84, 'Jordan', 'jfishburn2b@cafepress.com', 'PO Box 75023', 'Heshui', '', '425-455-7581'),
(85, 'Jackie', 'jbence2c@newsvine.com', 'Apt 1098', 'Qiaole', '', '686-540-6503'),
(86, 'Amata', 'aboor2d@smugmug.com', 'Apt 1310', 'Terpinnya', '', '858-392-1029'),
(87, 'Bliss', 'blarwell2e@icio.us', '1st Floor', 'Vingåker', '643 92', '876-593-4659'),
(88, 'Aviva', 'ajaspar2f@princeton.edu', '13th Floor', 'Quankou', '', '629-198-6529'),
(89, 'Robbyn', 'rdrain2g@uol.com.br', 'Apt 1175', 'Profítis Ilías', '', '829-191-0267'),
(90, 'Rani', 'rdaborn2h@is.gd', 'Apt 657', 'Watangan', '', '810-723-4258'),
(91, 'Sigfrid', 'ssimeonov2i@auda.org.au', 'PO Box 66403', 'Kurchaloy', '366319', '635-147-2521'),
(92, 'See', 'smcclarence2j@lycos.com', '11th Floor', 'Askim', '1814', '957-514-2540'),
(93, 'Keelia', 'ktaber2k@go.com', 'PO Box 92965', 'Nanqiu', '', '786-813-8645'),
(94, 'Xylina', 'xstiger2l@shop-pro.jp', 'PO Box 77902', 'Cukanguncal', '', '266-814-3345'),
(95, 'Beatriz', 'bgiovannacci2m@studiopress.com', 'Apt 224', 'Yubilyeyny', '', '985-706-3758'),
(96, 'Kasper', 'kdarrington2n@dagondesign.com', '13th Floor', 'Kubang', '', '223-844-0534'),
(97, 'Darnell', 'dmeaking2o@ocn.ne.jp', '7th Floor', 'Tenri', '639-1156', '186-623-8766'),
(98, 'Daisey', 'dduester2p@adobe.com', 'PO Box 87815', 'Uenohara', '981-4327', '272-924-0704'),
(99, 'Celene', 'crallinshaw2q@sphinn.com', 'Room 1815', 'Ljusdal', '827 82', '765-906-4517'),
(100, 'Ive', 'ikeyden2r@smugmug.com', 'Room 738', 'Ranot', '90140', '178-888-1171'),
(101, 'Bentley', 'bmathevet2s@nhs.uk', 'Apt 1852', 'Brka', '', '770-422-2176'),
(102, 'Carry', 'cpietersen2t@yandex.ru', 'Room 175', 'Bukal', '8420', '944-800-3991'),
(103, 'Wesley', 'wriping2u@house.gov', 'Apt 386', 'Nocaima', '253627', '904-646-7376'),
(104, 'Carmine', 'categgart2v@multiply.com', 'Apt 1324', 'Sa Bot', '15240', '755-433-1541'),
(105, 'Nita', 'nbendall2w@phpbb.com', 'PO Box 58419', 'Netolice', '507 43', '637-212-6262'),
(106, 'Hazlett', 'hdieton2x@va.gov', 'Apt 450', 'Viñac', '', '533-793-1308'),
(107, 'Anthia', 'atyrer2y@washingtonpost.com', 'Apt 784', 'Kolodeznyy', '396340', '738-895-9397'),
(108, 'Krystal', 'kmeedendorpe2z@wp.com', '9th Floor', 'Bucaramanga', '680011', '841-668-6049'),
(109, 'Lindsy', 'lmettricke30@uiuc.edu', 'PO Box 11289', 'Bodø', '8010', '746-624-6374'),
(110, 'Olin', 'oannetts31@imgur.com', 'PO Box 14040', 'Zhigong', '', '224-398-8718'),
(111, 'Joaquin', 'jminshull32@ftc.gov', 'Room 604', 'Tena', '', '101-541-1137'),
(112, 'Adara', 'aogilvie33@ted.com', 'PO Box 18151', 'Dembī Dolo', '', '711-937-6314'),
(113, 'Brit', 'bcourteney34@dailymail.co.uk', 'Suite 19', 'Kaliuling', '', '828-114-3402'),
(114, 'Hesther', 'hmalatalant35@hp.com', 'Suite 46', 'Junxi', '', '744-218-6567'),
(115, 'Karlan', 'kmabbett36@google.com', 'Suite 39', 'San Antonio Ilotenango', '14008', '743-174-8873'),
(116, 'Ermina', 'eismay37@uiuc.edu', 'PO Box 40996', 'Cam Ranh', '', '154-536-5110'),
(117, 'Kent', 'kmaseres38@jimdo.com', 'Room 588', 'Requião', '4770-431', '820-994-5423'),
(118, 'Corny', 'cpeppin39@yelp.com', 'Apt 371', 'Chester', 'N9A', '268-770-4585'),
(119, 'Kean', 'kjupe3a@devhub.com', 'Apt 1093', 'Juiz de Fora', '36000-000', '762-186-5273'),
(120, 'Cazzie', 'cfranca3b@e-recht24.de', 'Apt 199', 'Frydek', '43-229', '803-778-9258'),
(121, 'Carmelita', 'clouder3c@sitemeter.com', 'Room 687', 'Cisompet', '', '808-181-4883'),
(122, 'Anna', 'amurrill3d@is.gd', 'Room 1897', 'Xiaojiezi', '', '419-833-7419'),
(123, 'Aluin', 'agrinter3e@discuz.net', '4th Floor', 'Xianxi', '', '264-109-8889'),
(124, 'Denver', 'dchin3f@plala.or.jp', '4th Floor', 'Stockton', '95210', '209-464-7562'),
(125, 'Denni', 'dvasyagin3g@samsung.com', '18th Floor', 'Situ', '', '851-501-3027'),
(126, 'Wilma', 'wrooksby3h@altervista.org', 'Room 877', 'Fīrūzābād', '', '341-363-2632'),
(127, 'Laurianne', 'lonele3i@virginia.edu', 'Apt 1638', 'Vilppula', '35701', '181-440-8521'),
(128, 'Sile', 'smullinder3j@jiathis.com', 'Room 1348', 'Thāru Shāh', '67081', '713-466-4569'),
(129, 'Adria', 'aratie3k@twitpic.com', 'Suite 90', 'Beni Khiar', '', '924-402-4498'),
(130, 'Godfrey', 'gbullion3l@cdc.gov', 'PO Box 18814', 'Sokyryany', '', '702-968-8432'),
(131, 'Townsend', 'tshapero3m@twitter.com', 'Suite 41', 'Sines', '7520-103', '294-953-2870'),
(132, 'Iosep', 'iorehead3n@biglobe.ne.jp', 'Suite 64', 'Cartagena', '30204', '177-732-5633'),
(133, 'Virgie', 'vravenscroft3o@domainmarket.com', 'Apt 1903', 'Medenychi', '', '926-190-9719'),
(134, 'Selby', 'skendell3p@lulu.com', 'PO Box 31478', 'Rejowinangun', '', '415-186-3392'),
(135, 'Washington', 'wsunshine3q@rambler.ru', 'PO Box 41490', 'Bandar Pusat Jengka', '26485', '806-451-6763'),
(136, 'Flore', 'fbowld3r@ask.com', 'Suite 6', 'Lancheng', '', '999-525-6311'),
(137, 'Roberta', 'rbroune3s@blogger.com', 'Apt 923', 'Sirāhā', '', '880-918-3236'),
(138, 'Kyrstin', 'kmetheringham3t@usa.gov', '4th Floor', 'Semboropasar', '', '288-620-5969'),
(139, 'Agosto', 'ascough3u@networksolutions.com', 'Suite 4', 'Camiling', '2306', '262-788-0370'),
(140, 'Brandi', 'btrounce3v@networksolutions.com', 'Suite 72', 'Yangsi', '', '868-477-0923'),
(141, 'Shanta', 'sjosse3w@smugmug.com', '14th Floor', 'Sibulan', '6201', '987-319-1964'),
(142, 'Hildegarde', 'hpauling3x@ning.com', '18th Floor', 'Casal de São João', '3040-704', '221-241-6947'),
(143, 'Gregory', 'gdrains3y@facebook.com', '14th Floor', 'Al Manqaf', '', '904-733-4912'),
(144, 'Tracie', 'tmcginly3z@smugmug.com', '1st Floor', 'Martensville', 'L3R', '618-125-3618'),
(145, 'Mayne', 'mbarsby40@wufoo.com', 'Suite 70', 'Sieroszewice', '63-405', '488-901-4499'),
(146, 'Alexandrina', 'aspelwood41@usa.gov', 'Apt 729', 'Tonosí', '', '982-591-1555'),
(147, 'Madelyn', 'mlandon42@qq.com', 'Suite 92', 'Fuyu', '', '885-573-0789'),
(148, 'Gayel', 'gtrowle43@simplemachines.org', 'Apt 1734', 'Terangun', '', '390-532-3084'),
(149, 'Brittaney', 'bmcwilliams44@google.cn', 'PO Box 67980', 'København', '1291', '241-921-5332'),
(150, 'Shela', 'sstenners45@amazon.co.uk', 'Apt 660', 'Santa Magdalena', '4709', '929-140-3563'),
(151, 'Ugo', 'udureden46@wikia.com', 'Suite 57', 'Ifanes', '5210-105', '445-682-2545'),
(152, 'Niels', 'nyelland47@craigslist.org', 'Suite 12', 'Riebiņi', '', '599-128-6106'),
(153, 'Heidi', 'hglynne48@upenn.edu', 'Room 1052', 'Fuerte', '2703', '130-652-5869'),
(154, 'Noll', 'npressdee49@umn.edu', 'Suite 77', 'Singapore', '', '195-103-4882'),
(155, 'Marena', 'mhaill4a@slate.com', 'Apt 1216', 'Nakonde', '', '304-600-1307'),
(156, 'Erminie', 'edyka4b@elpais.com', '13th Floor', 'Gjilan', '', '344-628-4377'),
(157, 'Rollins', 'rkubatsch4c@webnode.com', 'Apt 760', 'Sangari', '', '738-903-6802'),
(158, 'Olga', 'omilsap4d@de.vu', '12th Floor', 'Korçë', '', '322-167-4046'),
(159, 'Cindy', 'cfagence4e@intel.com', 'PO Box 74611', 'Būrkah', '', '468-840-2759'),
(160, 'Cassondra', 'cstairmand4f@wsj.com', 'PO Box 45301', 'Maţarah', '', '459-320-6677'),
(161, 'Kingsly', 'kcotgrave4g@walmart.com', 'Suite 8', 'Sandy Bay', '', '729-802-2287'),
(162, 'Misti', 'mpike4h@purevolume.com', 'Apt 127', 'Sampagar', '1160', '803-919-6840'),
(163, 'Mari', 'mduhamel4i@umich.edu', 'Apt 721', 'Trikora', '', '554-770-9659'),
(164, 'Fields', 'fmccrohon4j@home.pl', 'Apt 751', 'Dingchang', '', '239-860-8921'),
(165, 'Prudence', 'pbrickstock4k@is.gd', 'Room 975', 'Ostružnica', '', '610-770-7526'),
(166, 'Abramo', 'avaudin4l@jugem.jp', 'PO Box 98062', 'Saint-Ambroise', 'G7P', '703-274-9582'),
(167, 'Manda', 'mgrog4m@youtube.com', 'Apt 654', 'Datangzhuang', '', '258-931-1845'),
(168, 'Ilsa', 'ihabbert4n@domainmarket.com', 'PO Box 66530', 'Mirzec', '27-220', '775-966-6219'),
(169, 'Bruno', 'bdevers4o@wikia.com', '11th Floor', 'Balitai', '', '968-822-9275'),
(170, 'Clemmy', 'carmin4p@businessinsider.com', 'Apt 102', 'Alebtong', '', '936-952-0692'),
(171, 'Anna-maria', 'apalffrey4q@usa.gov', '1st Floor', 'Ivatsevichy', '', '405-755-7845'),
(172, 'Ashli', 'amarte4r@dailymail.co.uk', 'Apt 672', 'Chengxiang', '', '368-499-2119'),
(173, 'Oliviero', 'obernon4s@newyorker.com', 'PO Box 2697', 'Providencia', '', '372-753-1493'),
(174, 'Fernandina', 'fheaford4t@imdb.com', 'PO Box 29293', 'Argelia', '761517', '633-206-4870'),
(175, 'Marjy', 'mbodechon4u@amazon.de', '1st Floor', 'Delgado', '', '724-257-8959'),
(176, 'Tansy', 'thollows4v@people.com.cn', 'Room 128', 'Alquízar', '', '580-403-5969'),
(177, 'Florencia', 'fstaley4w@ifeng.com', 'Apt 497', 'Itoigawa', '949-0544', '931-661-1823'),
(178, 'Alic', 'agarrie4x@tinyurl.com', 'Apt 1615', 'Albacete', '02070', '971-631-7485'),
(179, 'Karina', 'kkowal4y@blog.com', 'PO Box 53164', 'Indralayang', '', '362-197-6191'),
(180, 'Vikki', 'vmacgiollapheadair4z@reference.com', 'Room 1783', 'Seynod', '74604 CEDEX', '216-173-3589'),
(181, 'Corry', 'ckmietsch50@ucla.edu', 'PO Box 24367', 'Qalqaman', '', '444-952-1065'),
(182, 'Erek', 'echue51@shinystat.com', 'PO Box 77495', 'Saint Paul', '55123', '612-600-7341'),
(183, 'Marabel', 'mmabbitt52@ed.gov', 'Apt 1123', 'Biris Daja', '', '729-345-2656'),
(184, 'Erda', 'ekeysel53@unicef.org', '19th Floor', 'Paris 16', '75220 CEDEX 16', '399-750-9428'),
(185, 'Nevin', 'ngarroch54@archive.org', '15th Floor', 'Karsin', '83-440', '301-764-9667'),
(186, 'Mic', 'mmatthewman55@cyberchimps.com', 'Apt 1088', 'Sadar', '', '176-647-9924'),
(187, 'Tades', 'tnaisby56@google.fr', 'PO Box 94506', 'Houston', '77095', '281-955-0096'),
(188, 'Pearline', 'pchildrens57@wix.com', 'Apt 1044', 'Dongsheng', '', '642-580-9638'),
(189, 'Giusto', 'gfreyne58@tamu.edu', 'PO Box 35736', 'Jiaohu', '', '363-150-4498'),
(190, 'Arnie', 'astoner59@examiner.com', 'Room 1349', 'Boyany', '', '661-743-3772'),
(191, 'Christen', 'cpollock5a@bluehost.com', 'Room 477', 'Kitāf', '', '986-641-2957'),
(192, 'Saloma', 'sstonebridge5b@tuttocitta.it', 'Suite 33', 'Milano', '20147', '173-448-2754'),
(193, 'Patrica', 'pspering5c@yelp.com', 'PO Box 75910', 'Klyetsk', '', '376-855-0030'),
(194, 'Lark', 'ldorrington5d@squarespace.com', 'PO Box 54654', 'Cheongsong gun', '', '841-415-6741'),
(195, 'Izaak', 'ibold5e@businesswire.com', 'PO Box 73966', 'Igbor', '', '107-879-7155'),
(196, 'Hayyim', 'hgoford5f@telegraph.co.uk', 'PO Box 8344', 'Täby', '187 14', '629-258-6711'),
(197, 'Olav', 'obracer5g@storify.com', 'Suite 75', 'Zhengyangshan', '', '386-669-7504'),
(198, 'Myron', 'mmcramsey5h@yale.edu', 'Apt 866', 'Ping’an', '', '872-386-7699'),
(199, 'Gabriellia', 'gtotman5i@craigslist.org', 'PO Box 84640', 'Shaheying', '', '969-879-8822'),
(200, 'Berny', 'bclinning5j@wufoo.com', 'Suite 85', 'Datong', '', '425-645-1687'),
(201, 'Gareth', 'gmazzilli5k@gravatar.com', 'Suite 93', 'San Diego', '92153', '619-773-3269'),
(202, 'Maggee', 'mbreming5l@alibaba.com', 'PO Box 35786', 'Stalowa Wola', '37-467', '478-657-4168'),
(203, 'Wynn', 'wredwall5m@addthis.com', 'Suite 79', 'Shangzhang', '', '334-142-3171'),
(204, 'Devlin', 'dstorrs5n@mapy.cz', 'PO Box 96477', 'Skene', '511 81', '482-661-3289'),
(205, 'Eddy', 'ejeandot5o@hp.com', 'Suite 1', 'Listowel', 'V31', '257-131-2063'),
(206, 'Evangelina', 'ematasov5p@java.com', 'Suite 29', 'Dayangzhou', '', '262-321-3787'),
(207, 'Lee', 'ltonn5q@friendfeed.com', 'Suite 16', 'Nan', '55000', '979-895-0263'),
(208, 'Nestor', 'nbridgland5r@moonfruit.com', 'Room 172', 'Nowshahr', '', '995-811-7490'),
(209, 'Devlin', 'dwhalebelly5s@virginia.edu', 'Room 1241', 'West Palm Beach', '33416', '561-552-6244'),
(210, 'Patricia', 'psherland5t@ftc.gov', '10th Floor', 'Thiers', '63304 CEDEX', '309-823-2569'),
(211, 'Marice', 'meldon5u@businesswire.com', 'Room 36', 'Eydhafushi', '', '494-464-9446'),
(212, 'Laurel', 'lkurdani5v@washingtonpost.com', '4th Floor', 'Huangbei', '', '502-577-0461'),
(213, 'Issi', 'idandison5w@typepad.com', 'Suite 71', 'Ribeirão', '55520-000', '583-145-0625'),
(214, 'Jacobo', 'jbitterton5x@irs.gov', 'Suite 32', 'Fare', '', '476-765-9495'),
(215, 'Jim', 'jjanos5y@wiley.com', '3rd Floor', 'Mae Hi', '58130', '478-719-9044'),
(216, 'Jeralee', 'jmccandless5z@wordpress.com', 'Room 1140', 'Valkeakoski', '37630', '342-907-7955'),
(217, 'Jere', 'jstennes60@indiatimes.com', 'Apt 916', 'Boa Esperança', '87390-000', '485-362-3738'),
(218, 'Ewell', 'ecowhig61@wordpress.org', 'Suite 57', 'Tournavista', '', '839-727-6120'),
(219, 'Alic', 'amealing62@pbs.org', '13th Floor', 'Aldeia da Piedade', '2925-017', '538-388-2064'),
(220, 'Giustino', 'grosenberger63@facebook.com', 'Room 864', 'Yamen', '', '864-294-6647'),
(221, 'Raquel', 'rarro64@virginia.edu', 'Apt 493', 'Jubao', '', '135-505-7303'),
(222, 'Kare', 'ktoghill65@abc.net.au', 'Apt 27', 'Fenais da Luz', '9545-214', '506-510-4863'),
(223, 'Brod', 'boflaverty66@imageshack.us', 'Apt 1173', 'Bełchatów', '97-413', '333-234-2770'),
(224, 'Rolf', 'rcanada67@nih.gov', '3rd Floor', 'Neochóri', '', '756-707-0735'),
(225, 'Sheryl', 'stuckett68@amazon.co.jp', 'Apt 1235', 'Yupiltepeque', '22006', '187-521-5759'),
(226, 'Minnaminnie', 'mtincombe69@qq.com', 'Suite 64', 'Pontalina', '75620-000', '874-845-7301'),
(227, 'Eb', 'ebuxton6a@china.com.cn', '6th Floor', 'Hämeenkoski', '16801', '554-962-2095'),
(228, 'Giustina', 'gmarr6b@prweb.com', 'Suite 97', 'Kazimierz Dolny', '24-120', '367-813-8132'),
(229, 'Rochelle', 'rdiggons6c@samsung.com', 'Room 1834', 'Kamyshevka Vtoraya', '', '953-403-3881'),
(230, 'Lorne', 'luccelli6d@ifeng.com', '1st Floor', 'Saint-Nazaire', '44604 CEDEX', '867-886-5306'),
(231, 'Adrian', 'acheatle6e@hexun.com', 'PO Box 38196', 'Lovas', '32237', '508-892-2058'),
(232, 'Skipp', 'sjeanon6f@csmonitor.com', 'Apt 537', 'Zouiat ech Cheïkh', '', '114-915-5009'),
(233, 'Nikos', 'ncullity6g@toplist.cz', '12th Floor', 'Suyo', '2715', '602-948-8826'),
(234, 'Marion', 'mgantz6h@pen.io', 'Room 1520', 'Tbilisskaya', '352364', '109-427-4459'),
(235, 'Fran', 'fgiddy6i@cdc.gov', 'PO Box 41906', 'Kelmė', '86001', '627-896-0246'),
(236, 'Julina', 'jtinman6j@walmart.com', '16th Floor', 'Managua', '', '254-181-3931'),
(237, 'Garold', 'gbeminster6k@elpais.com', 'PO Box 14442', 'Mont-Joli', 'G5H', '102-822-8339'),
(238, 'Saloma', 'sblachford6l@odnoklassniki.ru', '10th Floor', 'Nasilava', '', '536-140-0454'),
(239, 'Pat', 'progans6m@blog.com', 'Apt 1964', 'Riba de Ave', '4765-190', '276-891-9530'),
(240, 'Essie', 'ewalklott6n@narod.ru', 'Apt 665', 'São Julião do Tojal', '2660-363', '809-389-7160'),
(241, 'Bernie', 'bcliffe6o@linkedin.com', 'Apt 1714', 'Kunjāh', '55151', '265-523-9157'),
(242, 'Sarita', 'sbirts6p@last.fm', '16th Floor', 'Raheny', 'D17', '695-706-8444'),
(243, 'Horton', 'hseamen6q@liveinternet.ru', 'Apt 1566', 'Basing', '2417', '641-164-5742'),
(244, 'Magdaia', 'mbeardall6r@cdbaby.com', 'Apt 178', 'Praia da Vitória', '9760-406', '559-980-0389'),
(245, 'Gwyn', 'gmallabon6s@sourceforge.net', 'Apt 799', 'Kristinehamn', '681 37', '810-863-9404'),
(246, 'Stanislas', 'spilcher6t@hatena.ne.jp', 'Room 282', 'Clifden', 'H71', '522-231-4469'),
(247, 'Oralia', 'ofidgin6u@qq.com', 'Suite 9', 'Siasi', '7412', '606-311-7790'),
(248, 'Berget', 'bklement6v@prlog.org', '6th Floor', 'Nelidovo', '182156', '226-844-6370'),
(249, 'Bab', 'bfeild6w@theguardian.com', 'Suite 79', 'Camingawan', '5016', '703-284-9441'),
(250, 'Gussy', 'gsibthorp6x@reverbnation.com', 'Room 1955', 'Yili', '', '845-769-2845'),
(251, 'Jerry', 'jgeke6y@msu.edu', 'PO Box 96580', 'Garhi Khairo', '79050', '179-253-3106'),
(252, 'Augusta', 'afrears6z@histats.com', '18th Floor', 'Sobreda', '2815-625', '448-456-5537'),
(253, 'Jeanne', 'jsnewin70@ebay.co.uk', '10th Floor', 'Kawungsari', '', '564-540-9730'),
(254, 'Arlee', 'aweekland71@gov.uk', 'PO Box 19609', 'Lidian', '', '705-541-4927'),
(255, 'Levi', 'llorand72@usda.gov', 'PO Box 71227', 'Pelym', '624582', '474-897-9456'),
(256, 'Maury', 'mhassin73@psu.edu', 'PO Box 29880', 'Rusocice', '34-115', '487-384-9028'),
(257, 'Bonni', 'bchurly74@accuweather.com', 'Suite 20', 'Lukou', '', '903-871-2207'),
(258, 'Baxter', 'blivingston75@wix.com', 'PO Box 91930', 'Cái Dầu', '', '829-676-3903'),
(259, 'Pebrook', 'perridge76@hatena.ne.jp', 'Suite 83', 'Leones', '2594', '766-200-4854'),
(260, 'Drusi', 'ddoerrling77@dyndns.org', 'Suite 94', 'Xinquan', '', '193-575-3788'),
(261, 'Isobel', 'ihassett78@mashable.com', 'Apt 631', 'Ndjolé', '', '226-163-2806'),
(262, 'Natassia', 'nfilyakov79@scribd.com', 'Apt 1194', 'Kabulusan', '4021', '944-345-4433'),
(263, 'Meara', 'mcottier7a@netvibes.com', 'Apt 1560', 'Taiping', '', '893-892-0774'),
(264, 'Diego', 'dbwye7b@geocities.com', 'Room 543', 'Huntsville', '35895', '256-859-3506'),
(265, 'Miriam', 'merrington7c@aboutads.info', 'Room 480', 'Jiangwakou', '', '470-515-8731'),
(266, 'Illa', 'ichurchley7d@pagesperso-orange.fr', 'PO Box 65542', 'General José de San Martín', '3155', '965-520-2930'),
(267, 'Idalina', 'ioram7e@soup.io', 'Apt 1403', 'Lloydminster', 'S9V', '252-752-7113'),
(268, 'Tristam', 'tbeeswing7f@nationalgeographic.com', '10th Floor', 'Qiakeri', '', '994-430-5336'),
(269, 'Kareem', 'kboutwell7g@live.com', 'Room 543', 'Changmaoling', '', '725-825-1415'),
(270, 'Kaye', 'kcarrane7h@psu.edu', '2nd Floor', 'Toulon', '83087 CEDEX 9', '832-240-2268'),
(271, 'Daisey', 'dcausley7i@joomla.org', '16th Floor', 'Abnūb', '', '680-301-6551'),
(272, 'Winna', 'wmcculley7j@bloglovin.com', 'Suite 99', 'Carcassonne', '11878 CEDEX 9', '820-405-6897'),
(273, 'Blinny', 'bbothams7k@usgs.gov', '10th Floor', 'Kalinovskaya', '366128', '691-484-8718'),
(274, 'Rachel', 'rborzone7l@tuttocitta.it', 'Suite 39', 'Zhugang', '', '346-434-7539'),
(275, 'Consuelo', 'cpossel7m@wiley.com', 'Suite 68', 'Albuquerque', '87140', '505-611-4189'),
(276, 'Hermon', 'hbaugh7n@technorati.com', 'Room 1262', 'Rancakole', '', '696-247-2166'),
(277, 'Christye', 'csaundercock7o@cdbaby.com', 'Apt 876', 'Inderka', '442585', '178-522-8297'),
(278, 'Idalina', 'iredmile7p@sun.com', 'Suite 95', 'Yawata', '961-0406', '251-396-6226'),
(279, 'Yorgos', 'yleidl7q@edublogs.org', 'Room 321', 'Tiniguiban', '2106', '116-978-2553'),
(280, 'Martha', 'msailer7r@ed.gov', 'PO Box 2353', 'Xitou', '', '608-392-8224'),
(281, 'Bendite', 'byoung7s@blinklist.com', 'Apt 1623', 'Dearborn', '48126', '734-119-8822'),
(282, 'Skippie', 'smuffen7t@yahoo.com', 'Suite 71', 'Chikwawa', '', '370-565-3382'),
(283, 'Stace', 'spallent7u@ask.com', 'Room 513', 'Pokrzywnica', '06-121', '905-783-7188'),
(284, 'Lennard', 'lcavnor7v@wired.com', '15th Floor', 'Bang Bua Thong', '11110', '494-992-3930'),
(285, 'Eldridge', 'egreggersen7w@msu.edu', 'Apt 1523', 'Santa Monica', '8422', '466-763-3297'),
(286, 'Hercule', 'hciciotti7x@odnoklassniki.ru', 'PO Box 26642', 'Santa Elena', '4135', '610-539-4855'),
(287, 'Caleb', 'csamwaye7y@nydailynews.com', '4th Floor', 'Dadong', '', '402-901-4173'),
(288, 'Sallyanne', 'scornelleau7z@imgur.com', 'Apt 1432', 'Suruhan', '', '296-380-3988'),
(289, 'Dino', 'dgatiss80@cbsnews.com', '17th Floor', 'Saint Louis', '63136', '314-858-1262'),
(290, 'Adrea', 'afallawe81@moonfruit.com', 'Room 1635', 'As Samawah', '', '602-427-0830'),
(291, 'Derwin', 'dsmitherham82@cdc.gov', '17th Floor', 'Patpata Segundo', '3604', '960-764-6555'),
(292, 'Carlin', 'crozet83@fema.gov', '10th Floor', 'Bugko', '6417', '463-223-9977'),
(293, 'Lorita', 'lmacdearmont84@microsoft.com', '18th Floor', 'Changle', '', '997-145-0370'),
(294, 'Doyle', 'dreede85@clickbank.net', '1st Floor', 'Gaotang', '', '577-207-4645'),
(295, 'Cletis', 'cveschi86@themeforest.net', 'PO Box 71961', 'Durham', '27717', '919-814-7269'),
(296, 'Tades', 'tlinny87@flavors.me', 'PO Box 92405', 'Cancela', '4960-320', '176-199-0981'),
(297, 'Adelind', 'aalgore88@naver.com', 'Apt 390', 'Itum-Kali', '366404', '664-544-9621'),
(298, 'Linoel', 'lfaherty89@cocolog-nifty.com', 'Suite 93', 'Duyang', '', '974-989-5356'),
(299, 'Orin', 'oblum8a@blogs.com', 'Room 1875', 'Ueno', '959-3213', '610-932-0044'),
(300, 'Nicola', 'nengelbrecht8b@biglobe.ne.jp', '19th Floor', 'Māwiyah', '', '561-245-5026'),
(301, 'Valene', 'vgodlonton8c@51.la', 'Suite 40', 'Pasadena', 'B2J', '581-456-9720'),
(302, 'Celia', 'cgrassick8d@elegantthemes.com', 'Room 64', 'Orléans', '45957 CEDEX 9', '843-874-6622'),
(303, 'Hartwell', 'hfawson8e@fc2.com', 'PO Box 30503', 'General Alvear', '3361', '920-302-9215'),
(304, 'Leone', 'llabbett8f@seesaa.net', 'Suite 18', 'Mełgiew', '21-007', '971-868-1689'),
(305, 'Thorn', 'tblood8g@shutterfly.com', 'Room 765', 'Mugan', '', '287-345-5733'),
(306, 'Kathrine', 'ksimecek8h@rakuten.co.jp', 'PO Box 92109', 'El Paso', '88553', '915-768-6800'),
(307, 'Abbie', 'adingate8i@smh.com.au', 'Apt 1506', 'Kamirenjaku', '181-0012', '714-380-9330'),
(308, 'Renae', 'rthurber8j@ucsd.edu', '9th Floor', 'El Ingenio', '', '673-987-3448'),
(309, 'Gaylene', 'ggiorgione8k@163.com', 'Room 1304', 'Tejar', '11204', '418-488-5872'),
(310, 'Sigismondo', 'skingcote8l@myspace.com', 'Suite 48', 'Ban Lŭng', '', '222-652-9021'),
(311, 'Eada', 'ejeannel8m@chronoengine.com', 'Room 1440', 'El Lolo', '', '389-209-0896'),
(312, 'Even', 'efillary8n@timesonline.co.uk', 'Apt 256', 'Skórcz', '83-220', '916-694-7579'),
(313, 'Nils', 'nbowmaker8o@amazon.com', 'Suite 65', 'Pindi Gheb', '43260', '847-651-8249'),
(314, 'Pierre', 'pfairey8p@squidoo.com', '5th Floor', 'Banxi', '', '651-792-8079'),
(315, 'Mikkel', 'mgiacobini8q@nymag.com', 'Room 1999', 'Kafr Zaytā', '', '406-554-5170'),
(316, 'Babita', 'bruff8r@clickbank.net', '13th Floor', 'Darkovice', '747 17', '350-600-6537'),
(317, 'Valle', 'vmarston8s@gizmodo.com', 'PO Box 18392', 'Tourcoing', '59208 CEDEX', '498-430-7670'),
(318, 'Nester', 'ncastlake8t@istockphoto.com', 'Suite 52', 'Ortega', '735517', '802-411-1094'),
(319, 'Caro', 'cforesight8u@yandex.ru', 'Room 1262', 'Guoxiang', '', '113-329-1702'),
(320, 'Bondy', 'btortoishell8v@webeden.co.uk', 'PO Box 90844', 'Shimen', '', '600-844-9848'),
(321, 'Agathe', 'astubbert8w@cmu.edu', 'PO Box 48651', 'Na Di', '25220', '746-249-8891'),
(322, 'Abey', 'ahofer8x@chron.com', 'Apt 1461', 'Terek', '361203', '984-821-6173'),
(323, 'Faith', 'fmioni8y@paginegialle.it', 'Apt 1000', 'Kiełczów', '55-093', '751-789-3263'),
(324, 'Alayne', 'aneno8z@deliciousdays.com', 'Suite 16', 'Llalli', '', '748-789-4836'),
(325, 'Meriel', 'mschultes90@webeden.co.uk', '17th Floor', 'Debre Tabor', '', '707-962-1333'),
(326, 'Ernst', 'efausset91@alibaba.com', 'Suite 74', 'Ponta da Garça', '9680-423', '377-229-1794'),
(327, 'Jarib', 'jchatelot92@marketwatch.com', 'Room 73', 'Jiangyou', '', '743-787-6109'),
(328, 'Kissee', 'kkingscott93@alexa.com', 'Suite 51', 'Mokronog', '8230', '608-911-6848'),
(329, 'Allin', 'ajolland94@acquirethisname.com', '11th Floor', 'Béboto', '', '384-224-1445'),
(330, 'Wren', 'wpontain95@imdb.com', 'Room 1093', 'Pardesiyya', '', '831-903-4103'),
(331, 'Alayne', 'achampken96@chronoengine.com', '11th Floor', 'Yingtou', '', '373-526-8798'),
(332, 'Burr', 'bglenfield97@quantcast.com', 'PO Box 99495', 'Marseille', '13568 CEDEX 02', '295-827-6582'),
(333, 'Gustave', 'ggoodlatt98@gravatar.com', 'PO Box 7543', 'Saint Louis', '63131', '314-499-9522'),
(334, 'Letti', 'lmacaloren99@deviantart.com', 'Apt 715', 'Iwakura', '999-0436', '107-524-5616'),
(335, 'Elyn', 'efassan9a@pinterest.com', 'Apt 727', 'Sena', '13110', '802-139-3844'),
(336, 'Pren', 'pglanders9b@wisc.edu', 'Suite 77', 'Mulifanua', '', '389-832-9895'),
(337, 'Hedwiga', 'hcockshut9c@ihg.com', 'Suite 7', 'Porto Ferreira', '13660-000', '692-375-9627'),
(338, 'Cherilyn', 'cmcdoual9d@quantcast.com', 'Apt 529', 'Mergayu', '', '734-695-9682'),
(339, 'Brice', 'bgarthside9e@wp.com', 'Suite 23', 'Castelli', '7114', '326-287-5858'),
(340, 'Jolyn', 'jtolley9f@ustream.tv', 'Suite 62', 'Las Tejeras', '', '555-921-4107'),
(341, 'Bernelle', 'btwaite9g@i2i.jp', 'Apt 556', 'Al Ghizlānīyah', '', '591-939-9484'),
(342, 'Aurelia', 'abernasek9h@redcross.org', 'Apt 1483', 'Sîr ed Danniyé', '', '853-678-0496'),
(343, 'Selina', 'spolkinhorn9i@theatlantic.com', 'Suite 90', 'Oepula', '', '299-709-5275'),
(344, 'Hamid', 'hhirth9j@google.it', 'Apt 222', 'Gardutanjak', '', '329-137-4890'),
(345, 'Anastasia', 'askeggs9k@typepad.com', 'Apt 1113', 'Coxim', '79400-000', '251-446-6815'),
(346, 'Virgilio', 'vbeard9l@moonfruit.com', '13th Floor', 'Mesyagutovo', '452815', '886-906-9498'),
(347, 'Corny', 'csains9m@webmd.com', 'Suite 35', 'Cauto Cristo', '', '122-775-3549'),
(348, 'Gael', 'gskaif9n@cam.ac.uk', 'Apt 1846', 'Manevychi', '', '887-842-3198'),
(349, 'Juliana', 'jleavesley9o@naver.com', 'PO Box 51774', 'Sidu', '', '914-236-9896'),
(350, 'Garrett', 'gminchin9p@seesaa.net', 'PO Box 19302', 'Rönninge', '144 40', '695-307-8559'),
(351, 'Lance', 'lneary9q@google.co.uk', 'PO Box 42618', 'Lusaka', '', '400-650-5585'),
(352, 'Wilma', 'wprestedge9r@pcworld.com', 'PO Box 29216', 'El Mirador', '29140', '992-927-3504'),
(353, 'Cora', 'clittlecote9s@edublogs.org', 'Room 1701', 'Pinggirsari', '', '152-477-5930'),
(354, 'Janet', 'jhubeaux9t@nationalgeographic.com', '14th Floor', 'Guanyao', '', '484-809-6768'),
(355, 'Angelita', 'aankrett9u@cornell.edu', 'Apt 1740', 'San Diego', '3609', '898-789-0077'),
(356, 'Tyne', 'tleach9v@booking.com', 'Apt 272', 'Zhichu', '', '733-206-4911'),
(357, 'Olivette', 'ozuker9w@businessinsider.com', 'Apt 1812', 'Kolwezi', '', '790-678-1519'),
(358, 'Rodrique', 'rgerrelts9x@domainmarket.com', '16th Floor', 'Strömstad', '452 24', '969-837-3253'),
(359, 'Silvie', 'swigelsworth9y@home.pl', 'Suite 69', 'Zhouwang', '', '111-223-1623'),
(360, 'Gianina', 'gdeerr9z@usnews.com', '15th Floor', 'Krasnyy Kholm', '171679', '672-403-8495'),
(361, 'Pryce', 'pcasollaa0@economist.com', '12th Floor', 'Pantenan', '', '967-885-2370'),
(362, 'Melania', 'mbeynona1@lulu.com', 'Apt 483', 'Az Ziyārah', '', '333-924-9864'),
(363, 'Blake', 'bbrislena2@mayoclinic.com', 'Suite 53', 'Frýdek-Místek', '733 01', '229-721-1988'),
(364, 'Justine', 'jdisleya3@tamu.edu', '8th Floor', 'Lương Bằng', '', '937-134-7290'),
(365, 'Raeann', 'rnashea4@mediafire.com', '4th Floor', 'Banjar', '', '927-969-1763'),
(366, 'Emmalee', 'eivanitsaa5@blogtalkradio.com', '16th Floor', 'Noisy-le-Grand', '93164 CEDEX', '503-912-9562'),
(367, 'Rene', 'rhonatscha6@wunderground.com', '11th Floor', 'Buenos Aires', '83344', '806-665-3222'),
(368, 'Lishe', 'lolenikova7@diigo.com', 'PO Box 94825', 'Nīkshahr', '', '566-192-2327'),
(369, 'Marijn', 'mcarrella8@goo.ne.jp', 'Room 746', 'Lagarto', '49400-000', '622-627-0451'),
(370, 'Lutero', 'lrubena9@ebay.co.uk', 'Suite 11', 'Paris 12', '75587 CEDEX 12', '262-413-6076'),
(371, 'Corine', 'chavikaa@thetimes.co.uk', '4th Floor', 'Smolenskaya', '353254', '541-253-0120'),
(372, 'Drusie', 'dcarlawab@vimeo.com', 'Apt 1028', 'Jianqiao', '', '689-194-2509'),
(373, 'Charin', 'cbrotherwoodac@zimbio.com', 'PO Box 84793', 'El Paso', '88574', '915-596-9057'),
(374, 'Stanfield', 'sfindonad@w3.org', 'PO Box 44255', 'Phoenix', '85072', '602-723-9586'),
(375, 'Scot', 'smerryweatherae@eventbrite.com', 'Suite 73', 'Kokhanava', '', '987-181-5060'),
(376, 'Nora', 'nwaddyaf@intel.com', 'Apt 1607', 'Usukhchay', '368758', '404-592-6620'),
(377, 'Glennie', 'gderingag@smh.com.au', 'Apt 1034', 'Claresholm', 'V2T', '981-685-2387'),
(378, 'Fernanda', 'fcauthraah@cbc.ca', 'PO Box 34541', 'Holboo', '', '693-699-5421'),
(379, 'Tate', 'tgoeffai@blog.com', 'Suite 81', 'Motuo', '', '147-871-3612'),
(380, 'Tallia', 'tmcclenanaj@posterous.com', 'Apt 1100', 'Svilengrad', '6500', '342-941-5021'),
(381, 'Maryann', 'mnoniak@about.com', 'Room 228', 'Västerås', '724 63', '164-222-0088'),
(382, 'Haskel', 'hhousemanal@hexun.com', 'Room 1301', 'Vegreville', 'T9C', '171-585-7367'),
(383, 'Lynsey', 'lieldenam@rediff.com', '1st Floor', 'Krenggan', '', '487-730-4537'),
(384, 'Joachim', 'jrebertan@cyberchimps.com', 'Apt 1322', 'Rongcheng', '', '443-530-8687'),
(385, 'Darnall', 'dbreydinao@storify.com', 'Apt 801', 'Esfarāyen', '', '569-915-5229'),
(386, 'Elnora', 'edrewesap@economist.com', 'PO Box 27738', 'Datagon', '3605', '461-606-3755'),
(387, 'Kathleen', 'khansberryaq@paypal.com', 'Suite 32', 'Norrtälje', '761 93', '874-592-6269'),
(388, 'Debera', 'dmcparlandar@eventbrite.com', 'Apt 1296', 'Norzagaray', '3013', '684-453-9142'),
(389, 'Tann', 'tgillias@house.gov', '9th Floor', 'Obuasi', '', '640-992-7549'),
(390, 'Galvin', 'grolandat@walmart.com', 'PO Box 2438', 'San Diego', '', '895-287-0399'),
(391, 'Seka', 'sgasconeau@nytimes.com', 'Suite 1', 'Kačanik', '', '693-373-0458'),
(392, 'Flynn', 'fearieav@weebly.com', 'Room 256', 'Yantianhe', '', '578-671-3531'),
(393, 'Giustino', 'glaflinaw@msn.com', 'Room 819', 'Sebewe', '', '985-985-2586'),
(394, 'Jacquelin', 'jdolanax@gizmodo.com', 'Suite 68', 'Daishan', '', '213-555-4775'),
(395, 'Raphael', 'rmckimmeyay@blogtalkradio.com', '20th Floor', 'Rawaglagah', '', '445-431-4249'),
(396, 'Maxim', 'mrisomaz@tripod.com', '20th Floor', 'Piedra del Águila', '4624', '485-443-5780'),
(397, 'Loy', 'lpoulsumb0@webnode.com', 'Apt 1113', 'Göteborg', '405 10', '538-647-1201'),
(398, 'Tedi', 'tleopoldb1@cisco.com', 'Apt 1053', 'Adh Dhayd', '', '817-307-9554'),
(399, 'Ashely', 'aaidlerb2@accuweather.com', 'Apt 73', 'Lille', '59034 CEDEX', '677-314-5716'),
(400, 'Claire', 'chumblesb3@tinyurl.com', '9th Floor', 'Erqu', '', '658-523-7139'),
(401, 'Samaria', 'shuxtonb4@guardian.co.uk', '3rd Floor', 'Kirovskiy', '692089', '425-941-9134'),
(402, 'Dredi', 'dchestnutb5@cafepress.com', 'PO Box 4100', 'Khong', '30260', '838-582-7497'),
(403, 'Haven', 'hhellinb6@addtoany.com', 'Apt 1745', 'Armen', '', '828-768-0233'),
(404, 'Casar', 'cseidb7@dagondesign.com', 'Suite 33', 'Rouen', '76011 CEDEX', '393-239-7137'),
(405, 'Sofia', 'sgreenroab8@intel.com', 'Room 530', 'Dobrzyca', '76-038', '741-226-3090'),
(406, 'Debra', 'delcockb9@mysql.com', 'Apt 1245', 'Chojna', '74-500', '273-203-2617'),
(407, 'Granthem', 'gscargillba@businesswire.com', 'Apt 1191', 'Dizangué', '', '149-495-4584'),
(408, 'Minda', 'mmanghambb@unblog.fr', 'Suite 30', 'Peoria', '61635', '309-601-7505'),
(409, 'Stafford', 'sdreossibc@slashdot.org', 'Apt 346', 'Apatin', '', '956-225-0739'),
(410, 'Tucker', 'ttringbd@mail.ru', 'Apt 988', 'Tarumizu', '861-0133', '482-612-5676'),
(411, 'Niki', 'nfabribe@pcworld.com', 'Suite 82', 'Corupá', '89280-000', '624-205-5680'),
(412, 'Elfrieda', 'enearsbf@blogs.com', '16th Floor', 'Bakersfield', '93311', '661-740-1185'),
(413, 'Moreen', 'mjansiebg@wisc.edu', '6th Floor', 'Gornji Milanovac', '', '850-660-3870'),
(414, 'Launce', 'lroscambh@marketwatch.com', 'Suite 73', 'Auray', '56404 CEDEX', '819-930-9827'),
(415, 'Win', 'wchurcherbi@imageshack.us', 'Suite 29', 'Iporá', '76200-000', '332-160-3235'),
(416, 'Jaquelyn', 'jwoolerbj@privacy.gov.au', 'Apt 1951', 'Targowisko', '32-015', '156-563-8820'),
(417, 'Adrianna', 'acreamerbk@prlog.org', 'PO Box 18463', 'Dapawan', '5505', '588-752-1702'),
(418, 'Viki', 'vliffebl@toplist.cz', '5th Floor', 'les Escaldes', 'AD600', '242-478-6908'),
(419, 'Drew', 'dmattiazzobm@hubpages.com', 'PO Box 60818', 'Shiki', '863-2503', '827-736-0960'),
(420, 'Marylee', 'mproshbn@webeden.co.uk', '12th Floor', 'Gvozd', '44410', '252-913-3180'),
(421, 'Nicol', 'nmeekingsbo@furl.net', '6th Floor', 'Shangyang', '', '564-837-9282'),
(422, 'Sax', 'sdecayettebp@ycombinator.com', 'Apt 1320', 'Rouen', '76926 CEDEX 9', '858-536-0288'),
(423, 'Mateo', 'mlorriebq@utexas.edu', 'PO Box 29378', 'Matiao', '8117', '239-654-9216'),
(424, 'Augustine', 'amcclauriebr@github.com', '9th Floor', 'Raoyang', '', '539-326-4569'),
(425, 'Nealon', 'ndodshonbs@princeton.edu', 'Room 309', 'Kharkhorin', '', '363-982-2488'),
(426, 'Glyn', 'gboughbt@nyu.edu', 'Apt 1756', 'Yujia', '', '711-384-1395'),
(427, 'Catlee', 'cghionbu@baidu.com', 'Apt 1758', 'Xingnong', '', '820-511-6701'),
(428, 'Morley', 'mvalasekbv@phoca.cz', 'Suite 2', 'Dujiajing', '', '944-930-7139'),
(429, 'Matty', 'mhuguetbw@noaa.gov', 'PO Box 97854', 'Miryang', '', '668-865-4661'),
(430, 'Ryon', 'rmacskeaghanbx@trellian.com', 'PO Box 78799', 'Xiaoshi', '', '694-388-0854'),
(431, 'Emmi', 'ekelwickby@godaddy.com', 'PO Box 22325', 'Charlotte', '28235', '704-209-5378'),
(432, 'Alexis', 'adahmkebz@nyu.edu', 'Room 938', 'Ngô Đồng', '', '603-616-2678'),
(433, 'Binky', 'brevanc0@boston.com', '13th Floor', 'Wanshi', '', '895-130-5614'),
(434, 'Wiley', 'waleksandrovc1@earthlink.net', 'Suite 19', 'Leuburi', '', '856-450-5849'),
(435, 'Lynett', 'ltaggettc2@marriott.com', 'PO Box 9753', 'Ishim', '649143', '262-775-9101'),
(436, 'Katusha', 'kwintersonc3@amazonaws.com', '5th Floor', 'Emiliano Zapata', '30890', '416-300-4330'),
(437, 'Chan', 'cteidemanc4@webnode.com', 'Apt 541', 'Real', '4750-488', '941-395-8494'),
(438, 'Judye', 'jpoec5@uol.com.br', 'Apt 910', 'Vítkov', '749 01', '890-943-2447'),
(439, 'Linea', 'lhaslehurstc6@vkontakte.ru', 'Suite 54', 'Rimbo', '762 31', '482-364-7783'),
(440, 'Dominik', 'dhollerinc7@discuz.net', 'Room 1177', 'Rechka', '', '537-400-5339'),
(441, 'Kaitlynn', 'kgrieswoodc8@webmd.com', '3rd Floor', 'Jeremoabo', '48540-000', '869-312-6621'),
(442, 'Antonia', 'aslyvesterc9@opensource.org', 'Apt 1704', 'Nakambala', '', '523-414-4380'),
(443, 'Gabie', 'gmarlorca@columbia.edu', 'Room 163', 'Juncheng', '', '593-185-3825'),
(444, 'Dolorita', 'dskeltoncb@cornell.edu', 'Suite 34', 'Shazikou', '', '361-863-0216'),
(445, 'Lemmy', 'lolletcc@edublogs.org', 'Apt 903', 'Aketi', '', '298-474-0872'),
(446, 'Reinald', 'rvaughncd@blinklist.com', 'Suite 2', 'Kandy', '20000', '210-559-2700'),
(447, 'Brew', 'byankeevce@cyberchimps.com', 'Room 1582', 'Nyzhni Sirohozy', '', '426-527-6262'),
(448, 'Brittaney', 'bcarmodycf@biblegateway.com', '3rd Floor', 'Buçimas', '', '665-293-1668'),
(449, 'Dorree', 'dparsonagecg@wp.com', 'PO Box 70503', 'Ouranoupolis', '', '205-168-4631'),
(450, 'Helaina', 'hmacnockaterch@nasa.gov', 'PO Box 58666', 'Maradi', '', '267-955-7213'),
(451, 'Temp', 'tlieci@flavors.me', 'PO Box 98127', 'Gandzak', '', '439-702-4510'),
(452, 'Liana', 'lwahlbergcj@nih.gov', '5th Floor', 'Chichaoua', '', '792-671-1030'),
(453, 'Perrine', 'pmalyanck@webnode.com', 'PO Box 89065', 'Verkhnyaya Tura', '624320', '287-208-5645'),
(454, 'Odetta', 'oodempseycl@cbsnews.com', 'Apt 54', 'Zhendong', '', '843-824-1709'),
(455, 'Lucie', 'lmoodycm@yellowpages.com', 'Suite 78', 'Dongxi', '', '905-252-8946'),
(456, 'Jess', 'jdaverencn@ebay.com', '14th Floor', 'Khlung', '22110', '312-130-7434'),
(457, 'Casi', 'csarfatco@berkeley.edu', 'Suite 81', 'Kamyshevatskaya', '353650', '762-461-2942'),
(458, 'Domeniga', 'dmackeecp@cnet.com', 'Room 696', 'Pasirhaur', '', '875-915-0536'),
(459, 'Reuven', 'rmaidmentcq@hugedomains.com', '17th Floor', 'Srednebelaya', '602204', '567-625-0309'),
(460, 'Margalit', 'mattersollcr@google.com.br', 'Room 95', 'Petrovskaya', '140093', '457-901-3111'),
(461, 'Johnna', 'jhoolaghancs@chron.com', 'Suite 60', 'Ichuña', '', '524-994-4178'),
(462, 'Alva', 'aaymerichct@fastcompany.com', '5th Floor', 'Skoczów', '43-430', '809-922-9363'),
(463, 'Micheline', 'mbrinklercu@cocolog-nifty.com', 'Suite 41', 'Voinjama', '', '247-942-6664'),
(464, 'Harley', 'hrenardcv@homestead.com', 'PO Box 98338', 'Gujō', '501-4455', '746-246-7429'),
(465, 'name', 'email', 'address', 'city', 'postal_code', 'phone'),
(466, 'Cinnamon', 'cdubbincx@reuters.com', 'Suite 76', 'Xiadian', '', '636-688-3552'),
(467, 'Hannah', 'htalbycy@barnesandnoble.com', '17th Floor', 'Banjar Bias', '', '933-707-7187'),
(468, 'Dot', 'dbaldoccicz@kickstarter.com', 'Suite 10', 'Carvoeira', '2655-034', '564-629-8698'),
(469, 'Effie', 'eswinfend0@aboutads.info', '20th Floor', 'Lusambo', '', '126-715-7708'),
(470, 'Bartlet', 'bcolbourned1@whitehouse.gov', 'Apt 1885', 'Hostouň', '345 25', '448-481-2674'),
(471, 'Darya', 'dhackwelld2@google.com.br', 'Suite 63', 'Peñarrubia', '2804', '813-983-2529'),
(472, 'Kalindi', 'kpasqualed3@privacy.gov.au', 'Apt 1856', 'Jiatou', '', '302-550-4538'),
(473, 'Seumas', 'ssackerd4@discovery.com', 'PO Box 59027', 'Itaqui', '97650-000', '938-182-5348'),
(474, 'Pat', 'pyakunikovd5@w3.org', '12th Floor', 'Mariestad', '542 87', '343-675-9869'),
(475, 'Madeline', 'mkerrodd6@state.tx.us', '15th Floor', 'Quintães', '4940-206', '709-647-4141'),
(476, 'Adam', 'amerralld7@scribd.com', 'Suite 3', 'Tieshan', '', '681-541-5964'),
(477, 'Noami', 'nfluckd8@wufoo.com', 'Suite 60', 'Svetlograd', '356537', '129-640-8160'),
(478, 'Candi', 'cdunlead9@ycombinator.com', 'Apt 939', 'Pugeran', '', '485-729-1161'),
(479, 'Cordie', 'cgoncaloda@disqus.com', '10th Floor', 'San Jacinto', '5417', '524-305-1012'),
(480, 'Emile', 'epauledb@blogspot.com', 'Room 1492', 'Xumu', '', '571-325-6407'),
(481, 'Tyson', 'theggadondc@engadget.com', 'PO Box 93237', 'Lawepakam', '', '949-830-7180'),
(482, 'Giorgia', 'gellinghamdd@ft.com', 'Suite 16', 'Dazaifu', '818-0138', '730-193-8350'),
(483, 'Pyotr', 'pduffriede@de.vu', 'Room 1589', 'Matsudo', '441-2303', '800-599-9428'),
(484, 'Berti', 'bmeugensdf@delicious.com', '20th Floor', 'Mīrpur Sakro', '73240', '548-406-9746'),
(485, 'Cos', 'csquibbdg@pen.io', 'Room 1085', 'Roma', '26834', '592-631-8374'),
(486, 'Olivette', 'osilwooddh@squidoo.com', '13th Floor', 'La Tinguiña', '', '604-231-6580'),
(487, 'Franzen', 'fjowersdi@sphinn.com', '12th Floor', 'Alcabideche', '2645-024', '868-704-6310'),
(488, 'Ingeberg', 'ishalcrasdj@engadget.com', 'Room 588', 'Кондово', '1045', '345-814-5414'),
(489, 'Sibyl', 'sleedesdk@tiny.cc', 'Apt 1887', 'Quibdó', '270009', '158-436-5262'),
(490, 'Terrance', 'tturnpennydl@census.gov', 'Apt 1385', 'Sigli', '', '713-282-1173'),
(491, 'Rufe', 'rstricklerdm@surveymonkey.com', 'Suite 80', 'Pruszków', '05-804', '932-161-4456'),
(492, 'Foster', 'fblankaudn@tamu.edu', 'Suite 100', 'Potou', '', '266-420-3597'),
(493, 'Brendis', 'bdallasdo@yellowbook.com', 'Room 452', 'Requião', '4770-431', '813-411-6407'),
(494, 'Cary', 'cmcateerdp@deviantart.com', 'PO Box 14686', 'Libertador General San Martín', '5771', '489-319-5114'),
(495, 'Nikki', 'nthornthwaitedq@npr.org', 'PO Box 90108', 'Daliciasao', '6109', '850-733-2166'),
(496, 'Farrand', 'foliverpaulldr@dedecms.com', '13th Floor', 'Xinji', '', '242-994-5709'),
(497, 'Theadora', 'thuckerbyds@bloomberg.com', 'Suite 28', 'Eindhoven', '5644', '324-904-0381'),
(498, 'Hort', 'hhinschdt@booking.com', 'Room 57', 'Maco', '8114', '497-479-8002'),
(499, 'Yardley', 'ydalgarnodu@facebook.com', 'Apt 1296', 'Haicheng', '', '711-644-7286'),
(500, 'Vinny', 'vskedgedv@illinois.edu', 'Apt 735', 'Longos', '1472', '277-895-4355'),
(501, 'Cecil', 'cjandeldw@deliciousdays.com', 'Suite 68', 'Sant Cugat Del Valles', '08190', '814-340-5172'),
(502, 'Leonard', 'lraubenheimerdx@state.tx.us', 'Apt 1833', 'Старо Нагоричане', '1312', '847-290-4598'),
(503, 'Hillary', 'hfirthdy@infoseek.co.jp', 'Room 375', 'Stupino', '142806', '596-567-0732'),
(504, 'Robbyn', 'rcradocdz@kickstarter.com', 'PO Box 56336', 'Requião', '4770-431', '111-306-8053'),
(505, 'Neely', 'ndefreynee0@ucsd.edu', 'Room 498', 'Caiyuan', '', '326-332-8308'),
(506, 'Inesita', 'iqueyeiroe1@marriott.com', 'Room 609', 'Gaoshi', '', '664-605-4697'),
(507, 'Ezri', 'emidforde2@gizmodo.com', 'Room 516', 'Comodoro Rivadavia', '9000', '318-782-7483'),
(508, 'Josephina', 'jwillse3@nytimes.com', 'PO Box 60424', 'Leticia', '910008', '104-359-4858'),
(509, 'Belicia', 'blynthale4@house.gov', '13th Floor', 'Jūybār', '', '627-879-0079'),
(510, 'Merlina', 'mdellenbroke5@thetimes.co.uk', 'Apt 46', 'Monte Azul Paulista', '14730-000', '806-678-1797'),
(511, 'Ambrosi', 'amcginne6@ocn.ne.jp', 'Suite 51', 'Yurimaguas', '', '371-971-7498'),
(512, 'Zonda', 'zderringtone7@amazon.de', 'Suite 43', 'Shuidong', '', '301-536-1905'),
(513, 'Chandler', 'cleadstone8@reddit.com', '11th Floor', 'Palmas De Gran Canaria, Las', '35005', '663-140-0113'),
(514, 'Cynthea', 'clindelofe9@chron.com', 'Room 1560', 'Zagazig', '', '949-255-1405'),
(515, 'Steffane', 'svonderdellea@t.co', '2nd Floor', 'Zruč nad Sázavou', '285 22', '324-517-2479'),
(516, 'Buckie', 'bbalnaveseb@netvibes.com', 'Suite 77', 'Sakchu-ŭp', '', '361-595-5095'),
(517, 'Gail', 'gcuninghamec@devhub.com', '8th Floor', 'Klenica', '66-130', '657-546-8924'),
(518, 'Hally', 'hrobleyed@qq.com', '16th Floor', 'Krajanbonjor', '', '469-848-6929'),
(519, 'Tull', 'tdumbartonee@harvard.edu', 'PO Box 99752', 'Kuala Belait', '', '931-582-2699'),
(520, 'Ivory', 'ibingleyef@privacy.gov.au', 'PO Box 24684', 'Antanifotsy', '', '203-944-6812'),
(521, 'Brittaney', 'bdunneg@patch.com', '15th Floor', 'Phuthaditjhaba', '9869', '171-193-2911'),
(522, 'Kinna', 'kkikeeh@mail.ru', 'PO Box 3269', 'Cotuí', '10516', '522-780-2756'),
(523, 'Adriana', 'aflarityei@istockphoto.com', 'Apt 292', 'Blainville', 'J7J', '957-501-1063'),
(524, 'Alvis', 'ablancheej@barnesandnoble.com', 'Suite 27', 'Columbia', '65211', '573-836-6720'),
(525, 'Vassily', 'vbeckenek@yellowbook.com', '14th Floor', 'Campo', '4715-477', '847-804-0827'),
(526, 'Bartholomew', 'bfluitel@amazon.co.jp', 'PO Box 47256', 'Luso', '3050-225', '505-735-8521'),
(527, 'Esma', 'emacconnelem@photobucket.com', 'Apt 373', 'Taboão da Serra', '06750-000', '625-470-0579'),
(528, 'Ninon', 'nsibbeten@yelp.com', 'Room 516', 'Smyshlyayevka', '461990', '320-728-2010'),
(529, 'Sheela', 'salleboneeo@joomla.org', 'Room 1312', 'Fécamp', '76404 CEDEX', '285-640-7266'),
(530, 'Danni', 'dnoorwoodep@timesonline.co.uk', 'Room 940', 'Dazhan', '', '719-335-0162'),
(531, 'Esther', 'etorricellaeq@unc.edu', 'Apt 1078', 'Planeta Rica', '233057', '651-287-0061'),
(532, 'Leigh', 'lcarretter@nifty.com', '8th Floor', 'Polańczyk', '38-610', '228-824-8266'),
(533, 'Giralda', 'gnoltees@e-recht24.de', 'PO Box 81275', 'La Hacienda', '1751', '358-691-9943'),
(534, 'Hadrian', 'hnieasset@noaa.gov', 'Apt 761', 'Tunduma', '', '988-309-6154'),
(535, 'Adolphe', 'asperskieu@furl.net', 'Apt 831', 'Kosiv', '', '247-854-7588'),
(536, 'Toddie', 'tclemmeyev@com.com', 'PO Box 3779', 'Świebodzice', '58-163', '580-112-9989'),
(537, 'Phedra', 'pskedgellew@java.com', 'PO Box 94664', 'Al Ḩarf', '', '621-456-6157'),
(538, 'Emlyn', 'etrillex@webnode.com', 'Apt 1079', 'Tomteboda', '173 18', '856-114-3960'),
(539, 'Hilliary', 'hcolloughey@smugmug.com', 'Suite 64', 'Ricardo Flores Magon', '93650', '739-453-8049'),
(540, 'Roxy', 'rrakestrawez@stanford.edu', 'PO Box 19179', 'Xiaohenglong', '', '419-149-3285'),
(541, 'Gradeigh', 'gcaldwellf0@washingtonpost.com', 'PO Box 95235', 'Figueiras', '2430-186', '878-169-5346'),
(542, 'Nerta', 'nmcbratneyf1@goodreads.com', 'Apt 1305', 'Wangtuan', '', '972-651-0256'),
(543, 'Mellisent', 'mbakesf2@shareasale.com', 'PO Box 38115', 'Honglu', '', '321-949-2828'),
(544, 'Alameda', 'acowlamf3@si.edu', '11th Floor', 'Taozixi', '', '374-338-7986'),
(545, 'Hadria', 'hpaulsonf4@google.com.br', 'PO Box 69644', 'Castelsarrasin', '82104 CEDEX', '655-312-7993'),
(546, 'Benyamin', 'bmceachernf5@feedburner.com', 'PO Box 14002', 'Villa Nueva', '5903', '674-775-4691'),
(547, 'Bobbi', 'bbennief6@seesaa.net', 'PO Box 30276', 'Zaliznychne', '', '296-144-1365'),
(548, 'Jacquie', 'jambrosef7@naver.com', 'Apt 1663', 'Luofang', '', '564-983-7632'),
(549, 'Isador', 'istanelandf8@latimes.com', 'Suite 65', 'Antagan Segunda', '0918', '384-765-2859'),
(550, 'Trumaine', 'tuwinsf9@rakuten.co.jp', 'Room 1191', 'Taiping', '', '396-689-5547'),
(551, 'Torrey', 'tvaninfa@dailymotion.com', 'Suite 68', 'Tianzhu', '', '189-409-5274'),
(552, 'Audra', 'aseldonfb@ibm.com', 'PO Box 19783', 'Usarin', '', '399-109-6492'),
(553, 'Vaclav', 'vbensenfc@home.pl', '9th Floor', 'Nunchía', '851078', '514-404-0599'),
(554, 'Ebba', 'estollbergfd@tinypic.com', '20th Floor', 'Billdal', '427 35', '628-432-8840'),
(555, 'Darrel', 'dmapstonefe@mit.edu', 'Suite 50', 'Gaoqiaolou', '', '754-389-3117'),
(556, 'Harland', 'hmeatcherff@pcworld.com', 'Apt 715', 'Santa Rita', '', '998-528-3681'),
(557, 'Gaven', 'gspurdonfg@hexun.com', 'PO Box 78561', 'Khotsimsk', '', '417-453-0526');
INSERT INTO `user` (`id_user`, `name`, `email`, `adress`, `city`, `postal_code`, `phone`) VALUES
(558, 'Dukey', 'dbrownscombefh@ftc.gov', 'Room 1331', 'Kosmonosy', '293 06', '100-437-6465'),
(559, 'Danie', 'dreburnfi@nymag.com', 'PO Box 26130', 'Zungeru', '', '357-723-7494'),
(560, 'Huntlee', 'hstavefj@paginegialle.it', 'Room 769', 'Zhongxin', '', '847-311-1338'),
(561, 'Tilly', 'telstonefk@ihg.com', 'PO Box 13711', 'Guogan', '', '142-720-2575'),
(562, 'Letti', 'lgrassickfl@vk.com', 'PO Box 92178', 'Gijon', '33204', '539-737-9284'),
(563, 'Blanch', 'bgarryfm@indiatimes.com', 'Suite 96', 'Brikama', '', '972-721-3270'),
(564, 'Elke', 'egrundonfn@psu.edu', 'Apt 1596', 'Morales', '134548', '430-841-1261'),
(565, 'Karin', 'klittrikfo@icq.com', 'PO Box 84600', 'Cañazas', '', '139-626-1285'),
(566, 'Inger', 'ishiresfp@technorati.com', '4th Floor', 'Cannes', '06403 CEDEX', '412-472-4030'),
(567, 'Koralle', 'klarretfq@unicef.org', '16th Floor', 'Sambong', '', '991-481-5898'),
(568, 'Alli', 'aansteyfr@whitehouse.gov', 'Suite 48', 'Villa de Soto', '5284', '921-292-2912'),
(569, 'Bealle', 'bjacquetfs@washington.edu', '3rd Floor', 'Ubay', '6315', '742-428-1946'),
(570, 'Dedra', 'dsquireft@cnbc.com', 'Apt 1135', 'Bogale', '', '672-698-6903'),
(571, 'Elmore', 'ethebesfu@liveinternet.ru', 'Suite 88', 'Myhiya', '', '501-768-4929'),
(572, 'Gottfried', 'gbannfv@princeton.edu', '9th Floor', 'Orléans', '45032 CEDEX 1', '330-844-3856'),
(573, 'Gerrie', 'gbamfieldfw@senate.gov', 'Room 1958', 'Ciganaria', '', '287-793-8621'),
(574, 'Poppy', 'pledgleyfx@so-net.ne.jp', 'Suite 30', 'Clogherhead', 'A41', '158-767-5773'),
(575, 'Enrica', 'ejellisfy@examiner.com', 'PO Box 25154', 'Kedungdoro', '', '794-614-8476'),
(576, 'Amandy', 'agilliefz@abc.net.au', '5th Floor', 'Aianí', '', '632-255-1821'),
(577, 'Dannel', 'dsargoodg0@who.int', 'PO Box 35550', 'Cayur', '', '990-894-0197'),
(578, 'Kristofer', 'kstubbertg1@cnn.com', 'Room 1465', 'Succha', '', '546-757-3248'),
(579, 'Eugene', 'epiffeg2@ycombinator.com', 'Room 968', 'Monjas', '21006', '227-493-5633'),
(580, 'Melisenda', 'mkilmisterg3@marketwatch.com', 'Suite 86', 'Guanshan', '', '428-601-9525'),
(581, 'Sim', 'satlingg4@usda.gov', 'Apt 680', 'Takari', '', '157-557-5611'),
(582, 'Alfonse', 'agendrichg5@edublogs.org', 'PO Box 15159', 'Henggang', '', '527-642-3993'),
(583, 'Farris', 'fbrogdeng6@vkontakte.ru', 'PO Box 86186', 'Ballitoville', '4430', '817-507-9521'),
(584, 'Ronnie', 'rsethg7@joomla.org', 'Room 542', 'Balakhninskiy', '666921', '556-693-4542'),
(585, 'Lenci', 'lmilbourneg8@opera.com', 'Suite 54', 'Chynadiyovo', '', '904-216-9498'),
(586, 'Roma', 'rbeging9@dell.com', 'Apt 1884', 'Hutag', '', '909-162-7358'),
(587, 'Christie', 'cbauerga@time.com', 'Room 1584', 'Kota Kinabalu', '88661', '496-424-1068'),
(588, 'Carley', 'cfurbergb@berkeley.edu', 'Suite 88', 'Daur', '67410', '762-873-8014'),
(589, 'Corilla', 'cdegiorgisgc@google.co.uk', 'Suite 25', 'El Suyatal', '', '921-110-5372'),
(590, 'Errick', 'evaladezgd@so-net.ne.jp', 'Suite 8', 'Novokuybyshevsk', '446209', '202-572-0729'),
(591, 'Franklin', 'fcaddange@php.net', 'Suite 22', 'Mina Clavero', '5889', '645-891-8237'),
(592, 'Marlowe', 'mgetcliffegf@prlog.org', 'PO Box 21604', 'Žirovnica', '4274', '947-821-0630'),
(593, 'Kirstin', 'kbillinggg@mapy.cz', '3rd Floor', 'Jiabeiyan', '', '564-170-8379'),
(594, 'Carver', 'cgludorgh@w3.org', 'Apt 1626', 'Lorica', '231048', '230-377-4230'),
(595, 'Maire', 'mtroddgi@altervista.org', 'Suite 91', 'Tân Sơn', '', '249-271-8073'),
(596, 'Vivianne', 'vcoulinggj@rediff.com', 'Suite 97', 'Akhaltsikhe', '', '194-248-6055'),
(597, 'Travus', 'twhalgk@altervista.org', '13th Floor', 'Getung', '', '405-855-3264'),
(598, 'Aldridge', 'amycockgl@statcounter.com', 'Suite 42', 'Uruobo-Okija', '', '468-182-8247'),
(599, 'Andie', 'anewlandgm@google.com.au', 'Room 794', 'Stockholm', '118 20', '730-861-7582'),
(600, 'Vladimir', 'vletevegn@google.co.jp', '2nd Floor', 'Aībak', '', '824-361-0593'),
(601, 'Papageno', 'pgronowgo@craigslist.org', 'Suite 99', 'Wanglinkou', '', '240-724-5345'),
(602, 'Marie', 'mscullingp@macromedia.com', 'Suite 32', 'Jiashan', '', '608-893-9274'),
(603, 'Gerome', 'gtwelvetreegq@sphinn.com', 'Room 1358', 'Capinzal', '89665-000', '944-920-1812'),
(604, 'Amandie', 'apalaygr@java.com', 'PO Box 73695', 'Bontang Baru', '', '329-748-0772'),
(605, 'Nicole', 'nargabritegs@house.gov', 'Suite 84', 'Gabú', '', '985-881-5789'),
(606, 'Lorry', 'lgraveneygt@de.vu', 'Room 35', 'Koynare', '5834', '776-459-3913'),
(607, 'Gui', 'gkemmettgu@fc2.com', '4th Floor', 'Vom', '', '705-288-4910'),
(608, 'Catharina', 'cwormleightongv@ovh.net', '16th Floor', 'Tanggung', '', '885-632-3929'),
(609, 'Jedediah', 'jbonteingw@salon.com', 'PO Box 36707', 'Braunschweig', '38106', '617-261-4435'),
(610, 'Chickie', 'csallerygx@hp.com', 'PO Box 44882', 'Cergy-Pontoise', '95061 CEDEX 1', '838-365-2497'),
(611, 'Stormy', 'ssaveallgy@merriam-webster.com', 'Apt 761', 'Bajia', '', '967-844-5403'),
(612, 'Lynelle', 'lroncigz@weather.com', 'Room 1538', 'Jalālābād', '', '874-202-0996'),
(613, 'Bogey', 'bmaciakh0@digg.com', 'PO Box 37890', 'Nova Iguaçu', '26000-000', '495-189-2295'),
(614, 'Alisa', 'aspieckh1@51.la', 'PO Box 67625', 'Kiuruvesi', '74701', '972-472-8082'),
(615, 'Barbee', 'blorekh2@yellowpages.com', 'Apt 1864', 'Domaradz', '36-230', '629-154-3793'),
(616, 'Brocky', 'bgatehouseh3@bloglovin.com', 'Apt 491', 'Połomia', '44-323', '563-420-3602'),
(617, 'Arleyne', 'abruckh4@pcworld.com', 'Suite 97', 'Erdaobaihe', '', '185-272-7803'),
(618, 'Wanda', 'wtabererh5@trellian.com', 'PO Box 8957', 'Dijon', '21900 CEDEX 9', '589-919-7373'),
(619, 'Vinnie', 'vmclugaishh6@dion.ne.jp', 'Room 1521', 'Capitán Bado', '', '698-482-9901'),
(620, 'Barbabas', 'bnolteh7@gizmodo.com', 'Apt 1937', 'Rialma', '76310-000', '174-932-1783'),
(621, 'Kip', 'kscarrisbrickh8@hc360.com', 'Suite 96', 'Furongqiao', '', '361-479-5885'),
(622, 'Joan', 'jwassungh9@hugedomains.com', 'Room 1850', 'Lokokrangan', '', '270-720-8236'),
(623, 'Hyacinth', 'hizhakovha@xing.com', '7th Floor', 'Yangjinzhuang', '', '734-229-1402'),
(624, 'Belvia', 'beynaldhb@icq.com', 'Suite 10', 'Pappádos', '', '851-702-7792'),
(625, 'Darin', 'dluisettihc@rambler.ru', 'Room 1135', 'La Puerta de San José', '4751', '568-924-1007'),
(626, 'Nathaniel', 'nghidonihd@dagondesign.com', 'Apt 1009', 'Esquipulas', '20706', '894-585-2516'),
(627, 'Tally', 'tmarczykhe@gravatar.com', 'Suite 89', 'Boshkengash', '', '831-597-6245'),
(628, 'Pen', 'pferraohf@sitemeter.com', 'PO Box 35096', 'Zhenzhushan', '', '281-884-0106'),
(629, 'Eve', 'esirrhg@gnu.org', 'Apt 1558', 'Jönköping', '551 21', '491-252-5417'),
(630, 'Millard', 'mlonghornehh@wiley.com', 'Room 1081', 'Kaduela', '', '357-461-1251'),
(631, 'Calida', 'curidgehi@opera.com', 'PO Box 97601', 'Īz̄eh', '', '251-914-4212'),
(632, 'Elsey', 'eandreasenhj@home.pl', 'PO Box 32206', 'Salto', '2741', '927-476-4411'),
(633, 'Myrilla', 'mstricklerhk@wordpress.org', 'PO Box 91511', 'Diang', '', '536-962-9329'),
(634, 'Barry', 'bcolliehl@mlb.com', 'Suite 44', 'Wielbark', '12-160', '609-926-2640'),
(635, 'Jakob', 'jbidgoodhm@craigslist.org', 'Room 354', 'Nowy Dwór Gdański', '82-100', '329-284-8610'),
(636, 'Salome', 'ssutheranhn@oakley.com', '7th Floor', 'Bačka Topola', '', '143-326-3832'),
(637, 'Waiter', 'wadkinho@blogs.com', 'Room 1526', 'Aryiropoúlion', '', '113-129-0292'),
(638, 'Ode', 'oshropsheirhp@gizmodo.com', 'Room 1354', 'Podgornaya', '357815', '872-430-6272'),
(639, 'Sile', 'shalbardhq@cbslocal.com', 'PO Box 15905', 'Uherský Ostroh', '687 24', '222-752-8816'),
(640, 'Klement', 'kamoorehr@domainmarket.com', 'Apt 260', 'Sukorejo', '', '147-398-6024'),
(641, 'Jammie', 'jcordeths@photobucket.com', 'PO Box 59737', 'Palmeira das Missões', '98300-000', '722-454-3321'),
(642, 'Corliss', 'chubatschht@xing.com', 'Room 48', 'Mtambile', '', '486-736-2225'),
(643, 'Raoul', 'rbroggellihu@yale.edu', '19th Floor', 'Tianmen', '', '313-897-1955'),
(644, 'Seana', 'ssumblerhv@homestead.com', 'Apt 856', 'Haninge', '136 68', '203-983-9725'),
(645, 'Reyna', 'rrowburyhw@networkadvertising.org', 'Apt 1637', 'La Ligua', '', '333-882-4629'),
(646, 'Pietra', 'ptaillardhx@microsoft.com', '19th Floor', 'Mamoudzou', '97680', '543-456-6984'),
(647, 'Marcelia', 'mwildorhy@mac.com', 'Room 61', 'Boljoon', '6024', '252-963-0617'),
(648, 'Meir', 'mcaveehz@gizmodo.com', 'Apt 1328', 'Bobadela', '3405-006', '837-361-7572'),
(649, 'Araldo', 'akopkei0@fema.gov', 'Suite 95', 'Dębów', '37-230', '255-826-7445'),
(650, 'Nick', 'nlepperi1@de.vu', '5th Floor', 'Tongyu', '', '882-620-2312'),
(651, 'Cheslie', 'chamlingtoni2@devhub.com', 'Room 1965', 'Pumai', '', '800-462-4714'),
(652, 'Terrel', 'tpearsoni3@utexas.edu', '19th Floor', 'Khomutovo', '664540', '115-669-0876'),
(653, 'Marne', 'mriboui4@google.com.au', 'Room 1079', 'Oslo', '1257', '153-210-0132'),
(654, 'Tomasine', 'tdanbyei5@goodreads.com', 'PO Box 64326', 'Sinop', '78550-000', '193-316-9282'),
(655, 'Adda', 'adregeri6@nih.gov', 'Apt 817', 'Maisons-Laffitte', '78604 CEDEX', '925-607-4031'),
(656, 'Mill', 'mjukubczaki7@google.it', '17th Floor', 'Betong', '', '105-612-4814'),
(657, 'Craig', 'cheseyi8@who.int', '16th Floor', 'Kaišiadorys', '56001', '761-324-7669'),
(658, 'Anica', 'ajuzeki9@netvibes.com', 'Apt 757', 'Gombe', '', '221-547-5036'),
(659, 'Taite', 'tdudingia@cdc.gov', 'Room 1915', 'Itatiba', '13250-000', '292-874-0719'),
(660, 'Ewart', 'eleitchib@w3.org', 'Suite 32', 'Guadalupe', '3510', '123-270-9120'),
(661, 'Dorolisa', 'dvaliantic@wisc.edu', 'Suite 77', 'Stockholm', '103 11', '843-478-9771'),
(662, 'Cale', 'cbonnierid@zdnet.com', 'Suite 71', 'Umeå', '905 92', '773-483-2227'),
(663, 'Christabel', 'cstovoldie@zimbio.com', 'Suite 71', 'Trzciana', '36-071', '228-138-0728'),
(664, 'Alvira', 'aadamkiewiczif@altervista.org', '5th Floor', 'Zhutang', '', '370-687-4726'),
(665, 'Dyanne', 'drickellig@redcross.org', 'Suite 81', 'Sansanné-Mango', '', '492-522-7107'),
(666, 'Arte', 'ameardonih@loc.gov', 'Apt 558', 'Achadinha', '9630-045', '198-289-6974'),
(667, 'Mariam', 'mmangenotii@ft.com', '4th Floor', 'Polepy', '411 47', '874-778-7536'),
(668, 'Terrance', 'tgianilliij@sbwire.com', '3rd Floor', 'Wolomarang', '', '271-213-0175'),
(669, 'Jack', 'jtookeik@mapquest.com', '19th Floor', 'Kuala Terengganu', '21009', '865-335-0838'),
(670, 'Enriqueta', 'eeweril@freewebs.com', 'Room 1587', 'El Refugio', '36408', '460-220-7331'),
(671, 'Lorenzo', 'lhayshamim@samsung.com', '16th Floor', 'Triesenberg', '9497', '708-386-7503'),
(672, 'Jelene', 'jthurberin@dmoz.org', '13th Floor', 'Dacun', '', '853-183-7178'),
(673, 'Brittani', 'bcherryio@reference.com', 'PO Box 42103', 'Cartí Suitupo', '', '849-464-1316'),
(674, 'Reidar', 'rcamplejohnip@buzzfeed.com', 'Room 1463', 'Pniv', '', '238-924-1277'),
(675, 'Wright', 'wdutsoniq@businesswire.com', 'Room 1214', 'Molina', '', '946-310-8478'),
(676, 'Hulda', 'hlindborgir@list-manage.com', 'Suite 31', 'Pará de Minas', '35660-000', '890-595-8600'),
(677, 'Sally', 'spietruszkais@imdb.com', 'PO Box 30172', 'Heishui', '', '393-600-5821'),
(678, 'Genvieve', 'gcoitit@skyrock.com', 'Apt 715', 'Bocos', '3601', '766-500-2757'),
(679, 'Mead', 'mwalklottiu@hatena.ne.jp', 'Apt 53', 'Marseille', '13269 CEDEX 08', '239-551-5670'),
(680, 'Davon', 'dbottlesoniv@eepurl.com', '1st Floor', 'Hudson Bay', 'K2J', '348-455-2062'),
(681, 'Julian', 'jbrabenderiw@list-manage.com', 'PO Box 58138', 'Jianshe', '', '162-114-3408'),
(682, 'Addie', 'abellingerix@domainmarket.com', 'Room 1210', 'Bronx', '10464', '914-296-3630'),
(683, 'Adler', 'aboniniy@sakura.ne.jp', '12th Floor', 'Miki', '675-1324', '277-328-3829'),
(684, 'Alexandrina', 'atupperiz@npr.org', 'Suite 64', 'Bokani', '', '382-863-1037'),
(685, 'Hedvige', 'hvellacottj0@vimeo.com', 'Suite 94', 'Xylaganí', '', '555-106-7923'),
(686, 'Monty', 'mcrowdacej1@yellowpages.com', 'Apt 3', 'Campraksanta', '', '986-722-5413'),
(687, 'Marten', 'mstraceyj2@youtube.com', '9th Floor', 'Forquilhinha', '88850-000', '983-122-1779'),
(688, 'Grazia', 'gcashleyj3@exblog.jp', 'Suite 94', 'Loma', '', '871-858-6548'),
(689, 'Byrle', 'bbadcockj4@craigslist.org', '20th Floor', 'Akhtopol', '8280', '563-598-0043'),
(690, 'Rakel', 'rclawsleyj5@bravesites.com', 'Suite 71', 'Bakau', '', '693-453-3110'),
(691, 'Gael', 'gwilflingerj6@indiatimes.com', '5th Floor', 'Bizerte', '', '861-645-9805'),
(692, 'Danny', 'dchildj7@github.com', 'Suite 62', 'Santa Cruz de la Sierra', '', '885-718-2083'),
(693, 'Willie', 'wmurthwaitej8@netscape.com', 'PO Box 85062', 'Az Zarbah', '', '398-866-0821'),
(694, 'Dalia', 'dmunghamj9@adobe.com', 'Suite 90', 'Enzan', '918-8207', '237-424-9342'),
(695, 'Nari', 'nschadeja@engadget.com', 'Room 133', 'Hongyanxi', '', '740-903-8482'),
(696, 'Gratiana', 'gbideweljb@123-reg.co.uk', '9th Floor', 'Yakovlevo', '309288', '501-745-6621'),
(697, 'Kristo', 'kmateevjc@jiathis.com', 'Suite 10', 'Oja', '', '190-131-1128'),
(698, 'Esteban', 'eleiferjd@microsoft.com', 'Suite 38', 'Międzyrzecz', '66-302', '809-610-1444'),
(699, 'Micheal', 'mkroonje@wordpress.com', 'Room 314', 'Mehmand Chak', '50281', '296-878-1295'),
(700, 'Katharyn', 'koultramjf@furl.net', '15th Floor', 'Houilles', '78804 CEDEX', '323-387-0273'),
(701, 'Lancelot', 'lswarbrickjg@booking.com', '8th Floor', 'Przemęt', '64-234', '852-874-7319'),
(702, 'Alys', 'adenholmjh@senate.gov', 'Apt 1964', 'Karangpapak', '', '119-686-5979'),
(703, 'Ermentrude', 'evanarsdallji@ebay.com', '4th Floor', 'Machala', '', '358-298-7843'),
(704, 'Ardella', 'amardlejj@usatoday.com', '6th Floor', 'Ostrogozhsk', '397855', '301-444-2346'),
(705, 'Johnette', 'jtomczynskijk@accuweather.com', 'Apt 336', 'Chatturat', '36130', '276-304-9524'),
(706, 'Janeczka', 'jflanaganjl@netvibes.com', '13th Floor', 'Baton Rouge', '70894', '225-953-8372'),
(707, 'Nonna', 'nleadbitterjm@blogger.com', '5th Floor', 'Trebisht-Muçinë', '', '875-703-9064'),
(708, 'Ede', 'ekaminskijn@alibaba.com', 'PO Box 16974', 'Klang', '41200', '161-742-2436'),
(709, 'Ladonna', 'lphlippijo@ucsd.edu', '19th Floor', 'Leping', '', '836-572-5227'),
(710, 'Sullivan', 'sgorickjp@ycombinator.com', 'PO Box 1079', 'Vale Flores', '2710-680', '776-126-1694'),
(711, 'Smith', 'skirtonjq@uiuc.edu', 'Apt 1079', 'Caotang', '', '363-831-4515'),
(712, 'Kimberlyn', 'kduerdenjr@gov.uk', 'Apt 225', '’Unābah', '', '655-391-3600'),
(713, 'Tonie', 'tduffittjs@ebay.co.uk', 'Suite 47', 'Aksakovo', '9155', '218-329-5620'),
(714, 'Bowie', 'bprattejt@abc.net.au', 'PO Box 79478', 'Puerto San José', '05009', '567-392-7910'),
(715, 'Alva', 'acausierju@twitpic.com', 'PO Box 54383', 'Nybro', '382 33', '224-695-1805'),
(716, 'Bennett', 'bboaysjv@devhub.com', 'Apt 741', 'Gyodong', '', '495-174-3368'),
(717, 'Hinze', 'hcaulderjw@fotki.com', 'Room 849', 'Tsurusaki', '870-0106', '165-591-0637'),
(718, 'Kean', 'kreutherjx@typepad.com', 'Room 1571', 'Ngrejo', '', '671-997-1885'),
(719, 'Mikael', 'mpaggittjy@vk.com', 'PO Box 60711', 'Montélimar', '26209 CEDEX', '559-778-4490'),
(720, 'Mahmoud', 'mascroftejz@elpais.com', 'Apt 1249', 'Indianapolis', '46254', '317-683-7391'),
(721, 'Alvy', 'atravesk0@printfriendly.com', 'Suite 50', 'Chodów', '62-652', '196-585-1922'),
(722, 'Nessi', 'nperkinsk1@pinterest.com', 'Apt 198', 'Kanshan', '', '286-777-8856'),
(723, 'Corbett', 'ctuek2@europa.eu', 'Room 28', 'Mqabba', 'MQB', '305-492-0530'),
(724, 'Jim', 'jeyckelk3@samsung.com', 'PO Box 22478', 'Bovec', '5230', '643-299-6262'),
(725, 'Mel', 'mpeggk4@dagondesign.com', 'Apt 132', 'Gaotan', '', '872-278-9601'),
(726, 'Daffie', 'dpoolk5@chicagotribune.com', 'Room 1154', 'Chacarita', '60112', '453-862-5190'),
(727, 'Swen', 'spenhearowk6@vimeo.com', 'PO Box 97774', 'Aurora', '80044', '303-621-6269'),
(728, 'Stace', 'sbaksterk7@google.fr', '2nd Floor', 'Sumiainen', '44280', '147-519-4201'),
(729, 'Randi', 'rdavidescuk8@amazonaws.com', '12th Floor', 'Buracan', '4421', '361-962-3813'),
(730, 'Galvin', 'gronchkak9@facebook.com', 'Room 524', 'Zhangzhen', '', '876-239-3900'),
(731, 'Kelli', 'ksiveka@google.nl', '2nd Floor', 'Turku', '20960', '959-894-4043'),
(732, 'Woodrow', 'wgotthardsfkb@epa.gov', 'PO Box 7892', 'Manalongon', '7029', '373-280-2282'),
(733, 'Britteny', 'balessandruccikc@goodreads.com', '6th Floor', 'Juhaynah', '', '329-186-1939'),
(734, 'Marion', 'mlevingskd@ezinearticles.com', 'Apt 664', 'Fanhu', '', '410-767-6994'),
(735, 'Baily', 'bjackske@about.com', '2nd Floor', 'Iecava', '', '645-679-3069'),
(736, 'Constanta', 'colczykkf@umich.edu', 'Suite 12', 'Kitapak', '6711', '169-347-3776'),
(737, 'Flinn', 'fscateskg@europa.eu', '6th Floor', 'Rudnyy', '', '532-235-9759'),
(738, 'Jacquelin', 'jmohammadkh@skyrock.com', 'PO Box 74093', 'Jincheng', '', '526-499-7243'),
(739, 'Corny', 'chanwrightki@google.nl', 'PO Box 11480', 'Mojokerto', '', '631-200-7735'),
(740, 'Theodore', 'thaddockkj@ed.gov', 'PO Box 95441', 'Adelaide Mail Centre', '5889', '949-821-7583'),
(741, 'Kristin', 'ktomblesonkk@goo.gl', 'PO Box 16692', 'Nioki', '', '396-352-0649'),
(742, 'Farlee', 'fsimonyikl@amazonaws.com', 'Room 608', 'Saumur', '49417 CEDEX', '953-649-6164'),
(743, 'Mahalia', 'mravenscraftkm@a8.net', 'Room 572', 'Grebnevo', '141160', '831-981-4483'),
(744, 'Kienan', 'kwykekn@shutterfly.com', 'PO Box 76462', 'Tulsīpur', '', '352-283-4317'),
(745, 'Libby', 'ljellicoko@utexas.edu', 'Suite 85', 'Jinggongqiao', '', '561-690-6460'),
(746, 'Vidovic', 'vpretswellkp@census.gov', 'Room 1777', 'Sibiti', '', '516-916-6367'),
(747, 'Kendell', 'kbourhillkq@163.com', '8th Floor', 'Shuangtang', '', '805-358-3077'),
(748, 'Bennie', 'brosonekr@google.com.hk', 'Room 126', 'Dongqianhu', '', '740-917-7790'),
(749, 'Stephenie', 'sgavriellyks@earthlink.net', 'Suite 71', 'Bhamdoun', '', '545-282-7411'),
(750, 'Malinda', 'mkinlockkt@mediafire.com', 'Apt 718', 'Skore', '', '344-489-7686'),
(751, 'Georgiana', 'glascellku@ning.com', 'Apt 539', 'Casma', '', '258-858-4296'),
(752, 'Danyelle', 'dgullamkv@nasa.gov', '8th Floor', 'Brive-la-Gaillarde', '19318 CEDEX', '455-253-8278'),
(753, 'Olly', 'obakekw@unblog.fr', 'PO Box 85406', 'San Carlos', '2434', '131-695-9412'),
(754, 'Sondra', 'smeyshamkx@imgur.com', 'PO Box 391', 'Kyurdarmir', '', '878-481-1330'),
(755, 'Kylen', 'kpilmoorky@bravesites.com', 'PO Box 92557', 'Berlin', '13409', '835-556-1813'),
(756, 'Aile', 'adederickkz@jiathis.com', 'Suite 22', 'Huangludian', '', '684-874-7781'),
(757, 'Mae', 'mborrowsl0@bravesites.com', 'Room 1687', 'Kauniainen', '02701', '374-589-2320'),
(758, 'Robinson', 'rtoftl1@goodreads.com', '3rd Floor', 'Kuje', '', '943-106-9782'),
(759, 'Grace', 'gcordsl2@buzzfeed.com', 'Apt 105', 'Houxi', '', '672-966-5280'),
(760, 'Hank', 'hcorsarl3@ibm.com', 'PO Box 11552', 'Qusar', '', '828-581-8621'),
(761, 'Myrtia', 'mblakedenl4@ifeng.com', 'Room 1383', 'Jiangya', '', '605-452-8136'),
(762, 'Dan', 'dfraneyl5@sakura.ne.jp', 'PO Box 30429', 'Kilinochchi', '22034', '672-936-0542'),
(763, 'Adoree', 'aflippellil6@phpbb.com', 'Apt 1068', 'Bamiantong', '', '785-150-0601'),
(764, 'Eve', 'emapledoruml7@51.la', 'Room 630', 'Thị Trấn Tủa Chùa', '', '250-280-7694'),
(765, 'Karna', 'kjosefsl8@dagondesign.com', 'Apt 155', 'Majunying', '', '456-295-0826'),
(766, 'Eugine', 'edachsl9@diigo.com', 'Suite 80', 'Shaliu', '', '412-329-0543'),
(767, 'Sherlocke', 'sgiovanazzila@hugedomains.com', 'Suite 74', 'Krebet', '', '281-158-4178'),
(768, 'Cazzie', 'celvidgelb@wsj.com', 'Suite 21', 'Enniskerry', 'D18', '375-343-7989'),
(769, 'Ker', 'kdinehartlc@wiley.com', 'PO Box 50907', 'Fontainebleau', '77304 CEDEX', '971-902-1610'),
(770, 'Ema', 'elarawayld@blogspot.com', 'Suite 20', 'Novonikol’sk', '692557', '577-969-2529'),
(771, 'Lorenza', 'leitele@ycombinator.com', 'Apt 88', 'Kinsealy-Drinan', 'D17', '428-301-4175'),
(772, 'Cherice', 'cflaunierlf@mashable.com', 'PO Box 32746', 'Araras', '13600-000', '599-906-9701'),
(773, 'Monica', 'mdruellg@ucoz.ru', 'PO Box 10180', 'Tāklisah', '', '151-622-2695'),
(774, 'Henrietta', 'hbyrneslh@youtube.com', 'Suite 7', 'Nandong', '', '734-870-9428'),
(775, 'Desmund', 'ddigginsli@indiatimes.com', 'PO Box 36619', 'Barkol', '', '896-666-2333'),
(776, 'Luella', 'lcallerlj@tmall.com', '3rd Floor', 'Cikiray', '', '168-815-3441'),
(777, 'Rosabella', 'rspilstedlk@spotify.com', 'Room 68', 'Lidingö', '181 41', '436-170-5572'),
(778, 'Jennilee', 'jbrandlill@pinterest.com', 'Suite 28', 'Puerto Nariño', '911018', '851-338-8147'),
(779, 'Athene', 'abrickwoodlm@nyu.edu', 'Suite 37', 'Fort Lauderdale', '33345', '754-316-1014'),
(780, 'Cris', 'cdowdaln@forbes.com', 'PO Box 61174', 'Kalapadua', '', '109-648-3908'),
(781, 'Vachel', 'vcheesworthlo@yandex.ru', 'Suite 52', 'Hovorany', '696 12', '290-475-6526'),
(782, 'Nell', 'nhaugheylp@google.fr', 'Room 1513', 'Washington', '20566', '202-141-8145'),
(783, 'Stewart', 'sprobatlq@buzzfeed.com', 'Apt 1667', 'Kopral', '', '750-493-0265'),
(784, 'Dennet', 'dbroinlichlr@acquirethisname.com', 'Room 1115', 'Eišiškės', '17017', '901-140-4845'),
(785, 'Leona', 'lbalfrels@umn.edu', 'Apt 209', 'Oepuah', '', '947-882-1849'),
(786, 'Tanny', 'tscoularlt@skyrock.com', 'PO Box 26082', 'Guinsang-an', '9508', '422-749-9950'),
(787, 'Jareb', 'jrekeslu@hao123.com', 'Suite 96', 'Mangero', '5033', '442-229-1963'),
(788, 'Paulita', 'ppenninglv@cbc.ca', 'PO Box 65914', 'Pathum Thani', '53140', '142-658-3665'),
(789, 'Stanislas', 'smanueaulw@posterous.com', 'PO Box 32270', 'Lameiro', '2425-317', '677-745-3888'),
(790, 'Freedman', 'fpostinlx@guardian.co.uk', 'Suite 70', 'Budënnovsk', '356825', '465-536-3751'),
(791, 'Griffin', 'gcolerickly@oaic.gov.au', 'Apt 1860', 'Urus-Martan', '366510', '656-847-5121'),
(792, 'Ynez', 'ywasielewiczlz@spiegel.de', '14th Floor', 'Lökbatan', '', '202-270-2340'),
(793, 'Mead', 'mjimenezm0@sfgate.com', 'PO Box 61041', 'Arjasari', '', '656-532-0640'),
(794, 'Theo', 'tdomicanm1@nymag.com', 'Apt 518', 'Tutem', '', '634-834-9740'),
(795, 'Hagan', 'hpaschkem2@ihg.com', 'Apt 1046', 'Suvorov', '301439', '163-694-6696'),
(796, 'Dania', 'dtoogoodm3@hubpages.com', 'Suite 48', 'Pobé', '', '971-821-1395'),
(797, 'Jsandye', 'jlandsmanm4@toplist.cz', 'PO Box 35439', 'Banī Suhaylā', '', '454-432-0471'),
(798, 'Amanda', 'ahaslegravem5@samsung.com', 'PO Box 20625', 'Sañgay', '8006', '784-237-6598'),
(799, 'Agnola', 'aspoorm6@joomla.org', 'Suite 97', 'Manzherok', '649113', '838-663-9931'),
(800, 'Lula', 'laringtonm7@dedecms.com', 'Room 1455', 'Grabovci', '22215', '692-973-7398'),
(801, 'Juliann', 'jweabenm8@umn.edu', 'Suite 13', 'Tianxin', '', '594-276-2498'),
(802, 'Beckie', 'badamollim9@webnode.com', 'Suite 38', 'Mesyagutovo', '452815', '384-906-5120'),
(803, 'Eartha', 'eavisonma@ted.com', 'Apt 273', 'El Cocuy', '151287', '263-227-9662'),
(804, 'Denise', 'droommb@imageshack.us', 'Room 1805', 'Konkwesso', '', '976-680-6418'),
(805, 'Brucie', 'bmcmichellmc@delicious.com', 'Apt 403', 'Paris 16', '75220 CEDEX 16', '985-242-0704'),
(806, 'Hoebart', 'hruddockmd@livejournal.com', '13th Floor', 'Zhentian', '', '712-294-5281'),
(807, 'Eugene', 'eyukhnovme@cbsnews.com', 'Suite 68', 'Kota Kinabalu', '88807', '130-523-4615'),
(808, 'Zak', 'zlanchburymf@redcross.org', 'Suite 85', 'Blatnica', '', '365-143-7341'),
(809, 'Harmonia', 'hwrotchfordmg@google.ru', 'Apt 1899', 'Malummaduri', '', '214-171-0765'),
(810, 'Ashlan', 'abaulchmh@photobucket.com', 'Suite 3', 'Estoi', '8005-453', '381-883-0051'),
(811, 'Orrin', 'ocholominmi@mozilla.com', 'PO Box 84542', 'Kuhmo', '88901', '437-678-5783'),
(812, 'Gilli', 'gbootellmj@twitpic.com', 'PO Box 33627', 'Oklahoma City', '73179', '405-401-7397'),
(813, 'Cahra', 'cdaubymk@unblog.fr', 'Apt 1925', 'Brniště', '471 29', '387-762-9170'),
(814, 'Kerry', 'kstandfieldml@huffingtonpost.com', 'Suite 73', 'Curuan', '6511', '145-624-8183'),
(815, 'Gardner', 'gleermm@digg.com', 'PO Box 3770', 'Kilifarevo', '5056', '715-205-5248'),
(816, 'Fawne', 'fdablemn@over-blog.com', 'Apt 368', 'Arcena Pequena', '2615-266', '370-833-5261'),
(817, 'Kaspar', 'kpittsonmo@google.co.uk', '11th Floor', 'Banjiang', '', '889-513-8995'),
(818, 'Angele', 'apitfieldmp@homestead.com', '2nd Floor', 'Santa Bárbara', '13010', '139-608-2287'),
(819, 'Adamo', 'asimenelmq@msu.edu', 'Suite 16', 'Galleh Manda', '', '728-384-2642'),
(820, 'Shelia', 'spaylormr@blinklist.com', 'Suite 54', 'Tekikbanyuurip', '', '211-173-4469'),
(821, 'Arman', 'aeisigms@wikispaces.com', '14th Floor', 'Raleigh', '27635', '919-673-9419'),
(822, 'Calida', 'challgoughmt@myspace.com', 'Room 633', 'Masumbwe', '', '843-852-2848'),
(823, 'Rainer', 'rcompstonmu@last.fm', '15th Floor', 'Chishui', '', '231-891-9446'),
(824, 'Nickola', 'nivashnikovmv@state.tx.us', 'Suite 96', 'Dasongshu', '', '252-123-4293'),
(825, 'Bellanca', 'bsaintmw@yelp.com', 'PO Box 80444', 'Čeladná', '739 12', '846-628-9848'),
(826, 'Jenine', 'jgookesmx@wisc.edu', 'PO Box 24528', 'Shenshu', '', '460-810-6715'),
(827, 'Tamas', 'tpanchenmy@people.com.cn', 'Room 1374', 'Jacksonville', '32244', '904-706-1987'),
(828, 'Alis', 'amuinomz@ucsd.edu', '4th Floor', 'Mataquescuintla', '06005', '300-501-1255'),
(829, 'Josy', 'jcessn0@tiny.cc', 'Suite 91', 'Karangsari', '', '172-833-0912'),
(830, 'Cindee', 'cmethamn1@canalblog.com', 'Suite 2', 'Aleksandrovac', '', '377-210-7710'),
(831, 'Chaim', 'cstendalln2@home.pl', 'Room 1734', 'Tangxia', '', '347-811-8206'),
(832, 'Estell', 'everdyn3@geocities.jp', 'Room 1256', 'Carvalhal', '3450-301', '352-199-0302'),
(833, 'Kare', 'kelcombn4@forbes.com', 'Room 307', 'Tajimi', '507-0901', '158-480-2508'),
(834, 'Granville', 'ghayshamn5@dailymail.co.uk', '5th Floor', 'Bayt Wazan', '', '779-865-0666'),
(835, 'Brittne', 'bpetytn6@cmu.edu', 'Apt 166', 'Helin', '', '301-559-5223'),
(836, 'Juieta', 'jmcmeekingn7@is.gd', '6th Floor', 'Suchy Dąb', '83-022', '534-819-2738'),
(837, 'Ricardo', 'rbauden8@salon.com', 'PO Box 39065', 'Vellinge', '235 93', '399-822-3892'),
(838, 'Gilda', 'gjeaycockn9@printfriendly.com', 'Suite 67', 'Třemošnice', '538 43', '721-962-2807'),
(839, 'Rob', 'rbeedonna@bandcamp.com', 'Room 45', 'Biting', '', '105-434-0552'),
(840, 'Claudelle', 'cwhitrodnb@google.ca', '8th Floor', 'Terezín', '788 14', '487-299-4017'),
(841, 'Margeaux', 'mdimitrescunc@tinyurl.com', 'PO Box 10056', 'Ibitinga', '14940-000', '829-230-6133'),
(842, 'Jayme', 'jtrobridgend@clickbank.net', 'Apt 1398', 'Kekeran', '', '555-258-9839'),
(843, 'Aileen', 'afleckneyne@latimes.com', '1st Floor', 'Zubin Potok', '', '161-954-6160'),
(844, 'Marabel', 'mboomenf@soup.io', 'Room 1672', 'Nahura', '', '655-804-8226'),
(845, 'Brent', 'bthornhillng@cisco.com', 'Apt 1341', 'Holguín', '', '980-841-4598'),
(846, 'Boycie', 'bbassonh@census.gov', 'Apt 291', 'San Antonio', '6407', '461-138-0882'),
(847, 'Colline', 'ccristoforni@sogou.com', 'PO Box 55926', 'Cẩm Phả Mines', '', '376-365-3615'),
(848, 'Lesya', 'lkylenj@independent.co.uk', 'Suite 90', 'Aksarka', '629620', '510-564-3340'),
(849, 'Albertine', 'afoskennk@i2i.jp', 'Apt 338', 'Muleba', '', '582-999-1757'),
(850, 'Teodoor', 'ttoffulnl@addtoany.com', 'Apt 66', 'Banjarwaru', '', '642-412-3834'),
(851, 'Peirce', 'pnijssennm@alexa.com', 'Apt 1979', 'Paris La Défense', '92041 CEDEX', '722-736-6339'),
(852, 'Zabrina', 'zjonsonnn@over-blog.com', '20th Floor', 'Longhuashan', '', '767-137-5495'),
(853, 'Maxim', 'mrevanceno@tripadvisor.com', '16th Floor', 'Huizhou', '', '603-580-1524'),
(854, 'Clare', 'crentznp@dedecms.com', 'Room 716', 'Atami', '413-0033', '750-869-7740'),
(855, 'Lorenzo', 'lschutternq@wix.com', '19th Floor', 'Itararé', '18460-000', '256-574-0154'),
(856, 'Etan', 'ewilkinsnr@printfriendly.com', 'PO Box 58842', 'Boston', '02283', '781-844-5928'),
(857, 'Ingram', 'icucheyns@gizmodo.com', '13th Floor', 'Aghada', 'F23', '794-584-1671'),
(858, 'Harlene', 'hhardwellnt@thetimes.co.uk', '6th Floor', 'Nawal', '', '983-268-1185'),
(859, 'Olivero', 'olandsbergnu@phpbb.com', 'Apt 212', 'Piedade', '18170-000', '450-541-5396'),
(860, 'Torre', 'tkerrigannv@java.com', 'PO Box 25873', 'Loujiadian', '', '600-336-9459'),
(861, 'Garnette', 'ggockenw@auda.org.au', 'Suite 47', 'Mafeteng', '', '831-237-0038'),
(862, 'Eugenius', 'ebehnennx@webs.com', 'Room 802', 'Cikuray', '', '417-967-4400'),
(863, 'Meryl', 'mswainsburyny@pen.io', 'Suite 5', 'Nagrumbuan', '8118', '450-791-7944'),
(864, 'Terence', 'tcullivannz@statcounter.com', 'Apt 84', 'Nový Knín', '262 03', '490-517-6759'),
(865, 'Roanna', 'rpiketto0@histats.com', 'PO Box 31304', 'Herálec', '592 01', '679-896-3053'),
(866, 'Vale', 'vheitzo1@wikimedia.org', 'PO Box 88879', 'Yun’an', '', '999-605-7300'),
(867, 'Arlette', 'apoultono2@psu.edu', 'Room 759', 'Ambo Village', '', '826-951-9353'),
(868, 'Faustina', 'fdrawmero3@ovh.net', 'Room 1310', 'Ban Takhun', '34260', '399-420-8832'),
(869, 'Rosanna', 'rcamellio4@behance.net', '15th Floor', 'Bundoran', 'F94', '931-946-6199'),
(870, 'Aldon', 'aruddicko5@upenn.edu', '14th Floor', 'San Francisco', '36441', '419-691-4834'),
(871, 'Sidney', 'ssabeno6@unc.edu', 'Apt 1791', 'Tignapalan', '3330', '233-699-8422'),
(872, 'Myrwyn', 'mgimsono7@vistaprint.com', '18th Floor', 'Campelos', '2565-035', '953-574-7519'),
(873, 'Patten', 'poviseo8@thetimes.co.uk', '10th Floor', 'Ban Bang Kadi Pathum Thani', '82160', '220-895-0394'),
(874, 'Verene', 'vbistero9@vimeo.com', '18th Floor', 'Ciudad Bolívar', '056468', '973-767-4833'),
(875, 'Clarisse', 'cpettetoa@sina.com.cn', 'Room 911', 'Bangonay', '4114', '904-258-2772'),
(876, 'Adora', 'adoxseyob@diigo.com', '2nd Floor', 'San José de Jáchal', '5461', '289-929-4659'),
(877, 'Ronny', 'rwithnalloc@yellowpages.com', 'Apt 1403', 'Knivsta', '741 96', '846-155-0645'),
(878, 'Micah', 'mwilsteadod@infoseek.co.jp', 'Suite 100', 'Shiki', '863-2503', '751-809-6224'),
(879, 'Brook', 'bdyhouseoe@craigslist.org', 'PO Box 18772', 'Jiannan', '', '341-563-7555'),
(880, 'Zea', 'zwarwickerof@printfriendly.com', 'Apt 1091', 'Liangwa', '', '106-649-5928'),
(881, 'Janot', 'jgabbatissog@moonfruit.com', 'Suite 56', 'Akouda', '', '948-801-7343'),
(882, 'Stevie', 'sdevonportoh@i2i.jp', 'Apt 462', 'Potulando', '', '289-541-2563'),
(883, 'Sidoney', 'sblasiakoi@ted.com', 'PO Box 92736', 'Mateur', '', '896-657-7237'),
(884, 'Conway', 'cjellicorseoj@about.com', 'Suite 42', 'Sawo', '', '657-654-3933'),
(885, 'Far', 'fdurnfordok@reference.com', '9th Floor', 'Mamali', '9611', '378-950-9906'),
(886, 'Trumaine', 'tlyddiardol@chicagotribune.com', 'Suite 85', 'Las Varillas', '5940', '874-375-1150'),
(887, 'Currey', 'cspirom@disqus.com', 'Suite 49', 'Moramanga', '', '176-327-0578'),
(888, 'Jen', 'jcawderyon@bravesites.com', '11th Floor', 'Vatutine', '', '197-584-5917'),
(889, 'Faun', 'fjedrzaszkiewiczoo@ftc.gov', 'Room 1109', 'Pangkajene', '', '544-484-6312'),
(890, 'Wiley', 'wbeethamop@spiegel.de', '8th Floor', 'Lyaskelya', '186806', '141-397-3163'),
(891, 'Scotti', 'ssneezemoq@washingtonpost.com', 'Room 646', 'Ozerki', '606243', '564-159-9911'),
(892, 'Marietta', 'mbernthor@devhub.com', 'Apt 476', 'Dolní Počernice', '190 12', '444-419-6520'),
(893, 'Brandice', 'bhenrychos@ow.ly', 'Suite 96', 'Faqīrwāli', '50601', '775-136-3783'),
(894, 'Sheelah', 'sskaceot@slideshare.net', 'Suite 68', 'Kinamayan', '9611', '816-219-2674'),
(895, 'Angela', 'akennifeckou@blogs.com', 'PO Box 90995', 'Huangjinjing', '', '289-862-3243'),
(896, 'Zerk', 'zhoyleov@ftc.gov', 'Apt 1853', 'Pravda', '694615', '532-403-4442'),
(897, 'Georgina', 'gabellaow@hubpages.com', 'Suite 65', 'Szklarska Poręba', '58-580', '811-378-6632'),
(898, 'Mic', 'mleddieox@smugmug.com', 'PO Box 39204', 'Labuhantanggabesar', '', '646-320-1396'),
(899, 'Casie', 'ckellockoy@liveinternet.ru', 'Room 1105', 'Wichita', '67236', '316-507-4579'),
(900, 'Hubert', 'hfeldharkeroz@independent.co.uk', '4th Floor', 'Noşratābād', '', '634-181-8142'),
(901, 'Kristi', 'kbletsop0@jiathis.com', 'Suite 96', 'La Soledad', '75498', '811-327-2725'),
(902, 'Merrielle', 'mgerdtsp1@zimbio.com', 'Apt 1692', 'Nanzhang Chengguanzhen', '', '909-404-8575'),
(903, 'Ely', 'efergysonp2@fotki.com', 'Suite 19', 'Lucé', '28114 CEDEX', '187-509-3382'),
(904, 'Amity', 'adelahuntyp3@loc.gov', 'Room 1636', 'Le Teil', '07404 CEDEX', '721-940-8012'),
(905, 'Chandra', 'cgiacobellip4@histats.com', 'Apt 1512', 'Thị Trấn Yên Cát', '', '448-805-0744'),
(906, 'Lindsy', 'lcarlemanp5@issuu.com', 'Apt 33', 'Iwase', '948-0212', '784-328-4738'),
(907, 'Edyth', 'eeskellp6@sciencedaily.com', '17th Floor', 'Talalora', '6719', '252-677-0042'),
(908, 'Jarrid', 'jalennikovp7@xrea.com', '4th Floor', 'Odivelas', '7900-374', '859-401-7296'),
(909, 'Mareah', 'mcapronp8@biblegateway.com', 'Apt 659', 'Montilla', '9302', '544-933-8775'),
(910, 'Sanford', 'ssaturleyp9@booking.com', 'PO Box 65999', 'Jambubol', '', '510-725-3630'),
(911, 'Shelia', 'smatteipa@oakley.com', 'Apt 403', 'Fermoy', 'P61', '564-435-0883'),
(912, 'Elyssa', 'etansillpb@exblog.jp', 'Apt 1989', 'Huajialing', '', '313-515-0161'),
(913, 'Casar', 'ccafferypc@google.com.au', 'Apt 910', 'Catriló', '6330', '474-569-3679'),
(914, 'See', 'smalpasspd@timesonline.co.uk', 'PO Box 8024', 'Xingang', '', '730-115-5842'),
(915, 'Tine', 'tspriginpe@dagondesign.com', 'Apt 463', 'Arcena', '2615-221', '947-293-2296'),
(916, 'Mame', 'mpawlettpf@tmall.com', 'PO Box 65139', 'Hongchun', '', '235-579-2615'),
(917, 'Annora', 'abahlspg@about.me', '6th Floor', 'Rio de Moinhos', '2200-785', '220-587-9456'),
(918, 'Arnie', 'abenieshph@tripod.com', 'Room 809', 'East London', '5688', '268-334-6541'),
(919, 'Garald', 'ghusthwaitepi@about.me', 'Room 911', 'Morón', '1765', '522-640-5998'),
(920, 'Karoly', 'kgimletpj@bloomberg.com', 'Suite 72', 'Karangpao', '', '627-597-6714'),
(921, 'Delmar', 'dgowansonpk@wikipedia.org', 'PO Box 69056', 'Kálamos', '', '494-798-6001'),
(922, 'Ingrim', 'iblythingpl@amazon.com', 'PO Box 84444', 'Guandu', '', '206-703-9202'),
(923, 'Baron', 'bblakerpm@japanpost.jp', 'Suite 1', 'Vera', '3550', '938-507-2828');

-- --------------------------------------------------------

--
-- Table structure for table `users`
--

CREATE TABLE `users` (
  `id` bigint(20) UNSIGNED NOT NULL,
  `name` varchar(255) NOT NULL,
  `email` varchar(255) NOT NULL,
  `email_verified_at` timestamp NULL DEFAULT NULL,
  `password` varchar(255) NOT NULL,
  `remember_token` varchar(100) DEFAULT NULL,
  `created_at` timestamp NULL DEFAULT NULL,
  `updated_at` timestamp NULL DEFAULT NULL
) ENGINE=InnoDB DEFAULT CHARSET=utf8mb4 COLLATE=utf8mb4_unicode_ci;

--
-- Indexes for dumped tables
--

--
-- Indexes for table `cache`
--
ALTER TABLE `cache`
  ADD PRIMARY KEY (`key`);

--
-- Indexes for table `cache_locks`
--
ALTER TABLE `cache_locks`
  ADD PRIMARY KEY (`key`);

--
-- Indexes for table `category`
--
ALTER TABLE `category`
  ADD PRIMARY KEY (`id_category`);

--
-- Indexes for table `country`
--
ALTER TABLE `country`
  ADD PRIMARY KEY (`id_country`);

--
-- Indexes for table `failed_jobs`
--
ALTER TABLE `failed_jobs`
  ADD PRIMARY KEY (`id`),
  ADD UNIQUE KEY `failed_jobs_uuid_unique` (`uuid`);

--
-- Indexes for table `jobs`
--
ALTER TABLE `jobs`
  ADD PRIMARY KEY (`id`),
  ADD KEY `jobs_queue_index` (`queue`);

--
-- Indexes for table `job_batches`
--
ALTER TABLE `job_batches`
  ADD PRIMARY KEY (`id`);

--
-- Indexes for table `manufacturer`
--
ALTER TABLE `manufacturer`
  ADD PRIMARY KEY (`id_manufacturer`),
  ADD KEY `fk_manufacturer_country1` (`country_id_country`);

--
-- Indexes for table `migrations`
--
ALTER TABLE `migrations`
  ADD PRIMARY KEY (`id`);

--
-- Indexes for table `password_reset_tokens`
--
ALTER TABLE `password_reset_tokens`
  ADD PRIMARY KEY (`email`);

--
-- Indexes for table `product`
--
ALTER TABLE `product`
  ADD PRIMARY KEY (`id_product`),
  ADD KEY `fk_product_manufacturer1` (`category_id`);

--
-- Indexes for table `product_has_category`
--
ALTER TABLE `product_has_category`
  ADD PRIMARY KEY (`product_id_product`,`category_id_category`),
  ADD KEY `fk_product_has_category_category1` (`category_id_category`);

--
-- Indexes for table `review`
--
ALTER TABLE `review`
  ADD PRIMARY KEY (`id_review`),
  ADD KEY `fk_review_product1` (`product_id_product`),
  ADD KEY `fk_review_user1` (`user_id_user`);

--
-- Indexes for table `sessions`
--
ALTER TABLE `sessions`
  ADD PRIMARY KEY (`id`),
  ADD KEY `sessions_user_id_index` (`user_id`),
  ADD KEY `sessions_last_activity_index` (`last_activity`);

--
-- Indexes for table `user`
--
ALTER TABLE `user`
  ADD PRIMARY KEY (`id_user`);

--
-- Indexes for table `users`
--
ALTER TABLE `users`
  ADD PRIMARY KEY (`id`),
  ADD UNIQUE KEY `users_email_unique` (`email`);

--
-- AUTO_INCREMENT for dumped tables
--

--
-- AUTO_INCREMENT for table `category`
--
ALTER TABLE `category`
  MODIFY `id_category` int(11) NOT NULL AUTO_INCREMENT, AUTO_INCREMENT=13;

--
-- AUTO_INCREMENT for table `country`
--
ALTER TABLE `country`
  MODIFY `id_country` int(11) NOT NULL AUTO_INCREMENT, AUTO_INCREMENT=1001;

--
-- AUTO_INCREMENT for table `failed_jobs`
--
ALTER TABLE `failed_jobs`
  MODIFY `id` bigint(20) UNSIGNED NOT NULL AUTO_INCREMENT;

--
-- AUTO_INCREMENT for table `jobs`
--
ALTER TABLE `jobs`
  MODIFY `id` bigint(20) UNSIGNED NOT NULL AUTO_INCREMENT;

--
-- AUTO_INCREMENT for table `manufacturer`
--
ALTER TABLE `manufacturer`
  MODIFY `id_manufacturer` int(11) NOT NULL AUTO_INCREMENT, AUTO_INCREMENT=1866;

--
-- AUTO_INCREMENT for table `migrations`
--
ALTER TABLE `migrations`
  MODIFY `id` int(10) UNSIGNED NOT NULL AUTO_INCREMENT, AUTO_INCREMENT=6;

--
-- AUTO_INCREMENT for table `product`
--
ALTER TABLE `product`
  MODIFY `id_product` int(11) NOT NULL AUTO_INCREMENT, AUTO_INCREMENT=1060;

--
-- AUTO_INCREMENT for table `review`
--
ALTER TABLE `review`
  MODIFY `id_review` int(11) NOT NULL AUTO_INCREMENT, AUTO_INCREMENT=1029;

--
-- AUTO_INCREMENT for table `user`
--
ALTER TABLE `user`
  MODIFY `id_user` int(11) NOT NULL AUTO_INCREMENT, AUTO_INCREMENT=924;

--
-- AUTO_INCREMENT for table `users`
--
ALTER TABLE `users`
  MODIFY `id` bigint(20) UNSIGNED NOT NULL AUTO_INCREMENT;

--
-- Constraints for dumped tables
--

--
-- Constraints for table `manufacturer`
--
ALTER TABLE `manufacturer`
  ADD CONSTRAINT `fk_manufacturer_country1` FOREIGN KEY (`country_id_country`) REFERENCES `country` (`id_country`) ON DELETE NO ACTION ON UPDATE NO ACTION;

--
-- Constraints for table `product`
--
ALTER TABLE `product`
  ADD CONSTRAINT `fk_product_manufacturer1` FOREIGN KEY (`category_id`) REFERENCES `manufacturer` (`id_manufacturer`) ON DELETE NO ACTION ON UPDATE NO ACTION;

--
-- Constraints for table `product_has_category`
--
ALTER TABLE `product_has_category`
  ADD CONSTRAINT `fk_product_has_category_category1` FOREIGN KEY (`category_id_category`) REFERENCES `category` (`id_category`) ON DELETE NO ACTION ON UPDATE NO ACTION,
  ADD CONSTRAINT `fk_product_has_category_product1` FOREIGN KEY (`product_id_product`) REFERENCES `product` (`id_product`) ON DELETE NO ACTION ON UPDATE NO ACTION;

--
-- Constraints for table `review`
--
ALTER TABLE `review`
  ADD CONSTRAINT `fk_review_product1` FOREIGN KEY (`product_id_product`) REFERENCES `product` (`id_product`) ON DELETE NO ACTION ON UPDATE NO ACTION,
  ADD CONSTRAINT `fk_review_user1` FOREIGN KEY (`user_id_user`) REFERENCES `user` (`id_user`) ON DELETE NO ACTION ON UPDATE NO ACTION;
COMMIT;

/*!40101 SET CHARACTER_SET_CLIENT=@OLD_CHARACTER_SET_CLIENT */;
/*!40101 SET CHARACTER_SET_RESULTS=@OLD_CHARACTER_SET_RESULTS */;
/*!40101 SET COLLATION_CONNECTION=@OLD_COLLATION_CONNECTION */;
